rank,ES
0,0
75,-0.004352367688022284
76,0.012583728154020677
78,0.012467665015673417
79,0.02930381509503254
101,0.028027120573212674
102,0.043596395223483214
245,0.035297880831654055
246,0.04646019957856304
266,0.04529956819509042
267,0.05624865129905439
274,0.05584243031483898
275,0.06656402576618159
372,0.060934963556339435
373,0.07030935034158355
392,0.06920675052728457
393,0.07845297878810129
443,0.07555140032941976
444,0.08439515718872276
459,0.08352468365111829
460,0.09218687039245063
464,0.0919547441157561
465,0.10054630210807125
479,0.09973386013964042
480,0.1082636419613705
493,0.10750923156211331
494,0.11594054821657282
533,0.11367731701880125
534,0.12183898377856883
536,0.12172292064022158
537,0.12984712767925494
566,0.12816421217321963
567,0.13612074969055674
578,0.13548240242964682
579,0.14340103176501934
584,0.1431108739191512
585,0.15101675600175432
599,0.15020431403332352
600,0.15802909449095737
617,0.15704255781500562
618,0.16476681470807053
656,0.1625616150794726
657,0.1700808883941875
673,0.16915238328740945
674,0.17658264856239803
716,0.17414532265710553
717,0.1813633788454984
726,0.18084109472293575
727,0.1879999326152351
733,0.1876517432001933
734,0.19477359787855497
739,0.19448344003268683
740,0.20156669758036072
753,0.2008122871811035
754,0.20782653485910452
774,0.20666590347563196
775,0.21360751540847905
861,0.20861680045954684
862,0.21523827579061322
867,0.21494811794474508
868,0.22154166482962492
873,0.2212515069837568
874,0.22782102352418837
896,0.22654432900236848
897,0.23303764814062583
946,0.23019410125111797
947,0.2365363531739753
947,0.23653635317397528
948,0.2428711041836739
949,0.24281307261450027
950,0.24914284340829698
983,0.24722780162556715
984,0.25346522273609723
1075,0.24818434994129684
1076,0.2541093862447025
1136,0.2506274920942847
1137,0.2563930870288312
1156,0.2552904872145322
1157,0.26100012024344305
1163,0.26065193082840127
1164,0.2663454330329348
1173,0.2658231489103722
1174,0.2714943691436075
1213,0.26923113794583586
1214,0.2748025668191227
1226,0.27410618798903913
1227,0.2796557523849921
1244,0.27866921570904035
1245,0.28417554869617323
1261,0.28324704358939506
1262,0.28872657083162
1295,0.28681152904889023
1296,0.2922097812585511
1324,0.29058489732168946
1325,0.2959212400684293
1367,0.2934839141631368
1368,0.2987381462174167
1378,0.2981578305256804
1379,0.30339170642620394
1457,0.29886524403066067
1458,0.30395118699582224
1486,0.3023263030589607
1487,0.30736894872133813
1498,0.30673060146042824
1499,0.3117585193230273
1561,0.3081605620342622
1562,0.31304497178200896
1601,0.3107817405842373
1602,0.31559052566935264
1651,0.3127469787798448
1652,0.3174784839446625
1673,0.31625982099201627
1674,0.32094942780842917
1718,0.3183960387647895
1719,0.3230067685017259
1748,0.3213238529956906
1749,0.3258895004173999
1775,0.3243806796188855
1776,0.32890154564480323
1927,0.32013877869958507
1928,0.32443419471738205
2017,0.3192693850609289
2018,0.3234432208561571
2113,0.31793022178466224
2114,0.32196813712707395
2130,0.32103963202029584
2131,0.32506114429085986
2148,0.3240746076149082
2149,0.3280707758578855
2179,0.3263298287826766
2180,0.3302701314767318
2181,0.3302120999075581
2182,0.33415126885436824
2206,0.33275851119420113
2207,0.3366668321919314
2239,0.33480982197837517
2240,0.33866269001990035
2247,0.338256469035685
2248,0.3421021603422465
2258,0.34152184465051016
2259,0.3453589424613776
2307,0.34257342714104333
2308,0.34635776077318625
2315,0.34595153978897075
2316,0.3497279766414494
2332,0.34879947153467133
2333,0.35256115763701806
2372,0.35029792643924657
2373,0.3540312333421899
2590,0.34143838283151207
2591,0.3448902631591858
2678,0.3398415166410799
2679,0.343198222544697
2750,0.33907798113336923
2751,0.3423463129058165
2757,0.3419981234907747
2758,0.34525662347259256
2910,0.33643582495820085
2911,0.3395472315033494
2913,0.33943116836500214
2914,0.3425379418140678
2929,0.3416674682764633
2930,0.3447617216772356
2998,0.34081557497342885
2999,0.3438423763525089
3055,0.3405926084787856
3056,0.34355805917478
3086,0.3418171120995711
3087,0.3447547917280418
3220,0.3370365930279489
3221,0.3398577622385091
3228,0.3394515412542936
3229,0.34226220789928574
3282,0.3391865347330834
3283,0.3419481186642819
3412,0.3344620462408835
3413,0.33710798615079957
3520,0.3308986082492211
3521,0.33347463118129617
3606,0.3285419478015376
3607,0.3310387915391918
3611,0.3308066652624973
3612,0.333299711509307
3780,0.32355040788813705
3781,0.3259285649845639
3800,0.32482596517026496
3801,0.3271876403801066
3828,0.32562078801241856
3829,0.3279607095346114
3888,0.3245368469533672
3889,0.3268436070896674
4026,0.3188932821128801
4027,0.3210892686114828
4194,0.31139799655948647
4195,0.31349174465332974
4231,0.3114026081630789
4232,0.3134655540351876
4407,0.30331002942980245
4408,0.3052570494780952
4456,0.3024715341577609
4457,0.3043878606580653
4457,0.3043878606580652
4458,0.3063036383094078
4509,0.3033440282815527
4510,0.30522413408432864
4527,0.3042375974083769
4528,0.3061038061843329
4532,0.30587167990763836
4533,0.30773587885357045
4601,0.30378973214976357
4602,0.305614038577109
4663,0.3020741128575175
4664,0.30386387245918994
4804,0.2957394527748817
4805,0.2974396896361353
4845,0.2951184268691901
4846,0.2968004840209941
4905,0.29337662143974996
4906,0.2950162427004112
5042,0.28712394929279755
5043,0.2886757083490046
5216,0.2786362468819664
5217,0.280101711515461
5286,0.27609753324248043
5287,0.27752861116510413
5298,0.27689026390419413
5299,0.2783151258947079
5311,0.2776187470646244
5312,0.2790355650842416
5376,0.27532154465712916
5377,0.27669328033296886
5402,0.2752424911036281
5403,0.2765980345158203
5489,0.2716073195668881
5490,0.27291375325878164
5507,0.27192721658283
5508,0.2732259799599377
5582,0.26893164384108903
5583,0.2701893370027718
5590,0.2697831160185565
5591,0.27103511282618387
5724,0.263316914126091
5725,0.2644669454150047
5736,0.2638285981540948
5737,0.26497318972310724
5777,0.2626519269561621
5778,0.2637719280910188
5829,0.2608123180631636
5830,0.26190787121432524
6133,0.24432430575471514
6134,0.24533067424703747
6256,0.2382508228078547
6257,0.23919290661118453
6272,0.23832243307357995
6273,0.23925543819499728
6294,0.23803677524235106
6295,0.2389591774728041
6310,0.23808870393519968
6311,0.23900408098564696
6396,0.2340713976058884
6397,0.2349396578336913
6442,0.23232823722087792
6443,0.23317485308536412
6465,0.23189815856354434
6466,0.23273054324087455
6479,0.23197613284161728
6480,0.2328019183685751
6500,0.2316412869851025
6501,0.2324537535291688
6504,0.23227965882164783
6505,0.23309146305853146
6630,0.22583751691182768
6631,0.22658141712947732
6860,0.21329218778871603
6861,0.21390553567066944
6920,0.21048167308942528
6921,0.21106196806132682
6966,0.20845054744851338
6967,0.2090101169394606
7022,0.20581838063491095
7023,0.20636114953483914
7553,0.17560441787281503
7554,0.17600604281967558
7555,0.17594801125050194
7556,0.17634761869394888
7850,0.15928633735690148
7851,0.15951640320227695
8043,0.14837434192094
8044,0.14848477780682678
8053,0.14796249368426406
8054,0.1480653175912176
8065,0.14742697033030763
8066,0.1475214202676131
8093,0.14595456789992525
8094,0.14603145787032357
8222,0.1386034170160987
8223,0.13861307536503625
8276,0.13553740219883387
8277,0.13554986334497
8499,0.12266685498842407
8500,0.12271510707685934
8741,0.1087294989060143
8742,0.10889790485030865
8798,0.10564813697658534
8799,0.10584962258228603
8830,0.10405064393790348
8831,0.10427063082502142
8939,0.09800322135426924
8940,0.09829486218307981
8995,0.09510312587853016
8996,0.09543357828012522
9061,0.09166152628383924
9062,0.09202901541754382
9094,0.09017200520398763
9095,0.0905530961755805
9196,0.08469190768904386
9197,0.08512516529865388
9224,0.08355831293096572
9225,0.08400469689114776
9327,0.07808547683543761
9328,0.07859694461427769
9558,0.06524968370434261
9559,0.06581966277458029
9659,0.06001650585721718
9660,0.060592906451219064
9708,0.05780739113088491
9709,0.05841099988434517
9831,0.05133114844516218
9832,0.05197426873408495
9844,0.05127788990400137
9845,0.051926189898181985
9932,0.04687744338007622
9933,0.047573860672498025
9943,0.04699354498076167
9944,0.047696162191765756
9944,0.047696162191765805
9945,0.04839930261669245
9963,0.047354734371567106
9964,0.048065870543114064
9972,0.04760161798972514
9973,0.048314836932068395
10076,0.04233758530718438
10077,0.04310613818474318
10127,0.040204559726061725
10128,0.04099987747605649
10129,0.040941845906882775
10130,0.0417397054938371
10206,0.03732930623664124
10207,0.03816450274758321
10211,0.037932376470888714
10212,0.03876887291400721
10272,0.03528697876358937
10273,0.0361593796555052
10307,0.0341863063036018
10308,0.035076198431690964
10607,0.017724759248775382
10608,0.018772670337926067
10628,0.017612038954453478
10629,0.018670387910230346
10717,0.013563609822950818
10718,0.014655588528726615
10928,0.0024689590022643265
10929,0.0036477632710802954
10990,1.0783755148880618e-4
10991,0.0013224476880154823
10998,9.162267037999946e-4
10999,0.002133836096754438
11117,-0.00471388906573396
11118,-0.0034217470154648266
11122,-0.0036538732921592406
11123,-0.002359935546887071
11126,-0.002534030254408004
11127,-0.0012376373429540122
11157,-0.0029785844181629655
11158,-0.0016635475425887947
11209,-0.004623157570443903
11210,-0.0032744074860872052
11287,-0.007742838312456684
11288,-0.0063501301068915605
11297,-0.006872414229454246
11298,-0.00547416005854795
11373,-0.009826527746570276
11374,-0.008383298864698796
11384,-0.008963614556435111
11385,-0.007514624154432714
11502,-0.01430431774774743
11503,-0.01279361190045114
11566,-0.016449600758389814
11567,-0.014904937279678565
11723,-0.023957862070764852
11724,-0.022328758146307415
11776,-0.025346399743336374
11777,-0.023687362160501158
11780,-0.023861456868021918
11781,-0.022201993927602914
11790,-0.022724278050165705
11791,-0.021056873498581652
11795,-0.021288999775276096
11796,-0.019616747360598152
11844,-0.022402262680932424
11845,-0.020707187442898567
12163,-0.03916122644011295
12164,-0.03726701391735132
12168,-0.03749914019404591
12169,-0.03560144870591464
12247,-0.04012791110145793
12248,-0.03817835936045255
12435,-0.04903026279592134
12436,-0.0469619821241789
12460,-0.04835473978434603
12461,-0.046274631861702886
12462,-0.04633266343087654
12463,-0.04424967012806791
12609,-0.05272227922741797
12610,-0.05053627185728127
12638,-0.05216115579414294
12639,-0.049951186897754685
12691,-0.05296882849478334
12692,-0.050719993776939254
12706,-0.05153243574537015
12707,-0.04927346699087731
12709,-0.049389530129224514
12710,-0.0471285915587466
12713,-0.047302686266267484
12714,-0.045038126389895905
12748,-0.04701119974179931
12749,-0.044720930076196375
12787,-0.04692612970479433
12788,-0.04461181883848009
12798,-0.04519213453021639
12799,-0.04287066623123659
12887,-0.04797744431851596
12888,-0.04559646946968077
12962,-0.049890805588529374
12963,-0.047469278965627026
13064,-0.05333046745216376
13065,-0.05083839741329188
13089,-0.05223115507345905
13090,-0.0497245235852396
13094,-0.0499566498619341
13095,-0.04744485075714899
13275,-0.05789053320840261
13276,-0.05525053408684044
13312,-0.057339670577091086
13313,-0.05467164748013531
13379,-0.05850173104559504
13380,-0.055781391335998354
13413,-0.05769643311872807
13414,-0.05495225525738534
13434,-0.05611288664085802
13435,-0.053353861920499956
13578,-0.061652376312329116
13579,-0.058766187842496986
13700,-0.0657880077125062
13701,-0.06279387109008105
13723,-0.06407056561190091
13724,-0.06105024640938472
13759,-0.06308135133046193
13760,-0.06002684524282054
13768,-0.06049109779620948
13769,-0.057431399992840304
13784,-0.05830187353044485
13785,-0.05523083797049222
13791,-0.05557902738553403
13792,-0.052499888618966484
13874,-0.057258477291204146
13875,-0.05411264545065031
13937,-0.057710602739415265
13938,-0.05451622798220257
13946,-0.05498048053559168
13947,-0.05177759159276729
14107,-0.06106264266054797
14108,-0.05769581404505908
14130,-0.05897250856687908
14131,-0.05558293929158531
14145,-0.056395381260016135
14146,-0.052991575511785016
14153,-0.05339779649600045
14154,-0.04998499183581839
14176,-0.0512616863576384
14177,-0.04783438990311839
14180,-0.04800848461063919
14181,-0.04457895810580126
14201,-0.04573958948927391
14202,-0.04229751687401251
14216,-0.043109958842443216
14217,-0.039647247341398795
14296,-0.04423174130611559
14297,-0.04069089672885973
14339,-0.043128222634152294
14340,-0.03954116809971442
14619,-0.05573197589915735
14620,-0.0518431868090804
14748,-0.0592712276633051
14749,-0.05524887579039783
14804,-0.05844061209494754
14805,-0.0543552532894539
14813,-0.05481950584284289
14814,-0.05071999469183974
14847,-0.05263503647456963
14848,-0.048491334437442024
14866,-0.04953590268256726
14867,-0.04537463890188542
14902,-0.04740574382296242
14903,-0.04320248418994377
15019,-0.04993414621408493
15020,-0.045590595867274764
15059,-0.047853827065046414
15060,-0.04346138002648836
15070,-0.044041695718224604
15071,-0.039622401675797225
15160,-0.04478721133225042
15161,-0.04023642402461436
15224,-0.04389241288255311
15225,-0.03926290952775857
15233,-0.03972716208114762
15234,-0.03508778096830678
15265,-0.036886759612689245
15266,-0.03220642360310655
15331,-0.03597847559939247
15332,-0.031202025914623066
15358,-0.0327108467131375
15359,-0.0278860417936867
15424,-0.031658093789972655
15425,-0.026729983705583216
15472,-0.029457467456743804
15473,-0.02445099945667839
15681,-0.03652156584479345
15682,-0.031133331405245324
15934,-0.04575728683700018
15935,-0.039857853028289925
16076,-0.048040304281771744
16077,-0.04177867202459562
16220,-0.05007718641642478
16221,-0.04344907242140039
16225,-0.04368119869809495
16226,-0.037038770749965755
16452,-0.05015390538320629
16453,-0.042807029937309005
16478,-0.04425781916664973
16479,-0.036822908159057866
16598,-0.04372866489071997
16599,-0.035765176456705294
16629,-0.03750612353191425
16630,-0.029380249226583555
16642,-0.03007662805666725
16643,-0.02185941102346789
16735,-0.027198315387441895
16736,-0.018421134549647666
16824,-0.023527912636927106
16825,-0.014177710687600431
16832,-0.014583931671815691
16833,-0.0051567302630533
16909,-0.009567129520249252
16910,4.965421018141569e-4
16921,-1.4180515909594307e-4
16922,0.01004928180823561
16967,0.007437861195422196
16968,0.018023761254324477
17133,0.008448552340675429
17134,0.021935933147632314
17513,0
