Level_3AC,Gene,Avg.Exp,P.Exp,Groups
Astrocyte TE,Agt,0.4099355888345578,23.975988700564972,Astrocyte TE
Astrocyte TE,Aldoc,3.3355788455721265,96.99858757062147,Astrocyte TE
Astrocyte TE,Aqp4,2.1685577963079874,83.33333333333334,Astrocyte TE
Astrocyte TE,Bcan,3.517712474415986,98.12853107344633,Astrocyte TE
Astrocyte TE,C4b,0.28596668695265476,15.96045197740113,Astrocyte TE
Astrocyte TE,Cadm1,2.2629737682070874,86.4406779661017,Astrocyte TE
Astrocyte TE,Cd44,0.10040085339541131,8.227401129943503,Astrocyte TE
Astrocyte TE,Cebpd,0.11844508401609243,8.686440677966102,Astrocyte TE
Astrocyte TE,Cspg5,2.739239476260429,94.38559322033898,Astrocyte TE
Astrocyte TE,Etnppl,0.23068239545790578,14.30084745762712,Astrocyte TE
Astrocyte TE,Fam107a,2.7528874585230745,93.99717514124293,Astrocyte TE
Astrocyte TE,Fgfr3,2.2525145546055887,87.00564971751412,Astrocyte TE
Astrocyte TE,Fjx1,2.309476365629121,86.22881355932203,Astrocyte TE
Astrocyte TE,Gfap,0.5571118083399585,26.20056497175141,Astrocyte TE
Astrocyte TE,Gja1,3.670963994376591,98.37570621468926,Astrocyte TE
Astrocyte TE,Gjb6,2.208573780606103,84.39265536723164,Astrocyte TE
Astrocyte TE,Gnao1,2.2128801731959524,85.69915254237289,Astrocyte TE
Astrocyte TE,Gpr37l1,3.6090399587435837,98.23446327683615,Astrocyte TE
Astrocyte TE,Gria1,0.10252470631810941,6.603107344632768,Astrocyte TE
Astrocyte TE,Grm3,2.127745937905341,85.02824858757062,Astrocyte TE
Astrocyte TE,Ifitm3,0.08139672858023922,5.896892655367232,Astrocyte TE
Astrocyte TE,Itih3,0.8279353553084876,45.48022598870056,Astrocyte TE
Astrocyte TE,Lhx2,1.2940007280322956,66.03107344632768,Astrocyte TE
Astrocyte TE,Lrig1,0.7531812095395156,44.56214689265537,Astrocyte TE
Astrocyte TE,Mfge8,2.690409294307385,89.37146892655367,Astrocyte TE
Astrocyte TE,Mlc1,2.1701257012610218,85.5225988700565,Astrocyte TE
Astrocyte TE,Ntsr2,2.1694958835571505,87.35875706214689,Astrocyte TE
Astrocyte TE,Ptch1,1.078964380086325,57.7683615819209,Astrocyte TE
Astrocyte TE,S100a6,0.23925432382171227,16.49011299435028,Astrocyte TE
Astrocyte TE,Slc6a11,2.5764713831263735,90.81920903954803,Astrocyte TE
Astrocyte TE,Slc6a9,0.41392786787196395,25.17655367231638,Astrocyte TE
Astrocyte TE,Sparc,0.6375356878232628,32.20338983050847,Astrocyte TE
Astrocyte TE,St6galnac5,0.9931630007524981,52.54237288135594,Astrocyte TE
Astrocyte TE,Tspan7,3.9825665850209786,99.75282485875707,Astrocyte TE
Astrocyte TE,Vim,0.30220021303808503,18.2909604519774,Astrocyte TE
Astrocyte NT,Agt,3.428881565779243,95.78274760383387,Astrocyte NT
Astrocyte NT,Aldoc,2.8202923045698665,93.22683706070288,Astrocyte NT
Astrocyte NT,Aqp4,2.507385768225624,88.43450479233226,Astrocyte NT
Astrocyte NT,Bcan,3.446329728695416,97.63578274760384,Astrocyte NT
Astrocyte NT,C4b,0.2840881849064967,14.760383386581468,Astrocyte NT
Astrocyte NT,Cadm1,1.170368903612934,59.233226837060705,Astrocyte NT
Astrocyte NT,Cebpd,0.09130102040871746,6.517571884984026,Astrocyte NT
Astrocyte NT,Cspg5,1.2163720796412445,60.89456869009585,Astrocyte NT
Astrocyte NT,Etnppl,1.3306228051253435,62.30031948881789,Astrocyte NT
Astrocyte NT,Fam107a,1.576593608997971,70.22364217252395,Astrocyte NT
Astrocyte NT,Fgfr3,2.737826834881748,94.76038338658147,Astrocyte NT
Astrocyte NT,Fjx1,1.3350026075585004,65.23961661341853,Astrocyte NT
Astrocyte NT,Gfap,0.3558279202530002,17.507987220447284,Astrocyte NT
Astrocyte NT,Gja1,3.9334801936971067,98.78594249201278,Astrocyte NT
Astrocyte NT,Gjb6,2.922196657564034,95.2076677316294,Astrocyte NT
Astrocyte NT,Gnao1,0.7415333875197192,43.51437699680511,Astrocyte NT
Astrocyte NT,Gpr37l1,3.688759400724273,97.82747603833866,Astrocyte NT
Astrocyte NT,Gria1,1.3856665316983725,65.36741214057507,Astrocyte NT
Astrocyte NT,Grm3,0.9395955199827253,52.460063897763575,Astrocyte NT
Astrocyte NT,Igsf1,1.27740503232474,60.063897763578275,Astrocyte NT
Astrocyte NT,Itih3,2.7727790003392405,88.05111821086263,Astrocyte NT
Astrocyte NT,Lrig1,2.1205874266571465,85.87859424920129,Astrocyte NT
Astrocyte NT,Mfge8,1.6416406359430469,71.3738019169329,Astrocyte NT
Astrocyte NT,Mlc1,1.949831149967005,80.06389776357827,Astrocyte NT
Astrocyte NT,Ntsr2,2.570827548690847,93.16293929712461,Astrocyte NT
Astrocyte NT,Ptch1,2.3750403050168964,90.03194888178913,Astrocyte NT
Astrocyte NT,S100a6,0.08104582096445084,6.261980830670927,Astrocyte NT
Astrocyte NT,Slc6a11,4.294681552235307,99.42492012779553,Astrocyte NT
Astrocyte NT,Slc6a9,2.0504724099440406,83.89776357827476,Astrocyte NT
Astrocyte NT,Sparc,3.0130210070642436,93.48242811501596,Astrocyte NT
Astrocyte NT,St6galnac5,0.08977105080905111,6.261980830670927,Astrocyte NT
Astrocyte NT,Tspan7,2.3016538825597066,87.0926517571885,Astrocyte NT
Astrocyte R,Agt,0.6132480842342038,32.117812061711085,Astrocyte R
Astrocyte R,Aldoc,2.94788597856179,93.26788218793828,Astrocyte R
Astrocyte R,Aqp4,3.3643197747003675,94.95091164095372,Astrocyte R
Astrocyte R,Bcan,2.963331140228729,92.70687237026648,Astrocyte R
Astrocyte R,C4b,2.4294306494496776,88.35904628330997,Astrocyte R
Astrocyte R,Cadm1,1.0889368193348288,63.5343618513324,Astrocyte R
Astrocyte R,Cd44,1.5343637985272807,74.05329593267882,Astrocyte R
Astrocyte R,Cebpd,1.3230644525556168,67.46143057503507,Astrocyte R
Astrocyte R,Cspg5,1.9193008220339463,85.273492286115,Astrocyte R
Astrocyte R,Etnppl,0.09060216042497003,7.5736325385694245,Astrocyte R
Astrocyte R,Fam107a,1.9043412453022792,77.84011220196354,Astrocyte R
Astrocyte R,Fgfr3,1.561373265282233,75.03506311360448,Astrocyte R
Astrocyte R,Fjx1,1.1277270020499839,63.67461430575035,Astrocyte R
Astrocyte R,Gfap,4.357706677312585,99.01823281907434,Astrocyte R
Astrocyte R,Gja1,2.2925959133009397,81.06591865357645,Astrocyte R
Astrocyte R,Gjb6,0.8428987209721837,46.70406732117812,Astrocyte R
Astrocyte R,Gnao1,1.4293135152766796,76.43758765778401,Astrocyte R
Astrocyte R,Gpr37l1,2.6728352732613496,89.90182328190744,Astrocyte R
Astrocyte R,Gria1,0.2664790266970598,18.79382889200561,Astrocyte R
Astrocyte R,Grm3,0.7132566027867862,48.94810659186536,Astrocyte R
Astrocyte R,Ifitm3,1.5522179737406738,72.51051893408135,Astrocyte R
Astrocyte R,Igsf1,0.22198185333211676,18.79382889200561,Astrocyte R
Astrocyte R,Itih3,0.7036520632875124,47.54558204768583,Astrocyte R
Astrocyte R,Lhx2,0.7676739047192452,50.63113604488079,Astrocyte R
Astrocyte R,Lrig1,1.379111349138588,73.07152875175316,Astrocyte R
Astrocyte R,Mfge8,1.2832829203250113,68.86395511921458,Astrocyte R
Astrocyte R,Mlc1,2.3503161137531086,87.37727910238429,Astrocyte R
Astrocyte R,Ntsr2,1.156020399315569,61.57082748948106,Astrocyte R
Astrocyte R,Ptch1,0.5083257277990952,39.55119214586255,Astrocyte R
Astrocyte R,S100a11,1.2947732474543525,63.11360448807854,Astrocyte R
Astrocyte R,S100a6,1.3539126484198787,71.94950911640954,Astrocyte R
Astrocyte R,S1pr3,1.2610483625398452,60.589060308555396,Astrocyte R
Astrocyte R,Slc6a11,1.884206375165536,78.40112201963534,Astrocyte R
Astrocyte R,Slc6a9,0.7658403076792295,51.19214586255259,Astrocyte R
Astrocyte R,Sparc,2.9644777147584893,92.14586255259466,Astrocyte R
Astrocyte R,St6galnac5,0.20125932187651516,16.54978962131837,Astrocyte R
Astrocyte R,Sulf2,1.1444956673605817,61.85133239831697,Astrocyte R
Astrocyte R,Tspan7,2.9616181192598763,95.93267882187938,Astrocyte R
Astrocyte R,Vim,3.6181252786532725,98.03646563814866,Astrocyte R
