cell,group.by,feature
BRAIN_01_AGATAACGTCAATTCAATTCGGTT-1,Healthy,0.7396904977645257
BRAIN_01_ATGAGGCGTGAACCAAATTCGGTT-1,Healthy,0.24031651626969475
BRAIN_01_ATGGATGGTGGATGCGATTCGGTT-1,Healthy,0.5044159945248239
BRAIN_01_CATTGAAAGCCTAAGGATTCGGTT-1,Healthy,0.8877422444260696
BRAIN_01_CCGGTACGTCTACCAGATTCGGTT-1,Healthy,0.6526643269789585
BRAIN_01_CGATGTTGTGTGGCTCATTCGGTT-1,Healthy,0.49207404900386564
BRAIN_01_CTGCAAACAGAAACTTATTCGGTT-1,Healthy,0.7813638580832004
BRAIN_01_GAAGAATAGGTGAGTTATTCGGTT-1,Healthy,0.1587176432300973
BRAIN_01_GACAGGGAGGCAAGTTATTCGGTT-1,Healthy,0.8536243353195188
BRAIN_01_GAGGAGTAGGCTACTCATTCGGTT-1,Healthy,0.24210589048591835
BRAIN_01_GCCTCGATCGTAACTTATTCGGTT-1,Healthy,-0.00671276641623908
BRAIN_01_GCTAATAAGAAGGTCTATTCGGTT-1,Healthy,0.09949945815600547
BRAIN_01_GGTAGTTAGGATCCAGATTCGGTT-1,Healthy,-0.08684453797622593
BRAIN_01_GTGTTAAAGAAACTCAATTCGGTT-1,Healthy,0.9725477807725941
BRAIN_01_GTTAAGGGTCGAGGCAATTCGGTT-1,Healthy,0.9971010610279577
BRAIN_01_TACGGGCAGTTTGACTATTCGGTT-1,Healthy,0.5078851949001559
BRAIN_01_TCACCCTGTCCATCCTATTCGGTT-1,Healthy,0.8485502701121299
BRAIN_01_TCGATATTCCTGTTCTATTCGGTT-1,Healthy,0.8045136124609065
BRAIN_01_TGCACGTTCACCTAATATTCGGTT-1,Healthy,1.245492281397857
BRAIN_04a_AAGTTCGCATTGTACCACTTTAGG-1,Healthy,0.7549648313344635
BRAIN_04a_CCATTCGCATCACTCGACTTTAGG-1,Healthy,1.180564280738472
BRAIN_04a_CCTATGATCAAGTTTCACTTTAGG-1,Healthy,-0.049028735043739724
BRAIN_04a_CTCTCGACAGGCTGTGACTTTAGG-1,Healthy,0.7997544461757994
BRAIN_04a_GAAGGATCACAAATACACTTTAGG-1,Healthy,0.787131245773101
BRAIN_04a_GGTTTGTGTAGGTTTCACTTTAGG-1,Healthy,1.5198830354496198
BRAIN_04a_TATGTCCCATCAGGACACTTTAGG-1,Healthy,0.5836131938377617
BRAIN_04a_TCTATCTGTTTGTCAAACTTTAGG-1,Healthy,1.6179762859356535
BRAIN_04a_TTACTTCGTAGACTGAACTTTAGG-1,Healthy,0.18126100114303967
BRAIN_04b_AAGGCCCAGCCAGAGCAGTAGGCT-1,Healthy,0.29803577260038894
BRAIN_04b_CGAATAGGTTAGACTCAGTAGGCT-1,Healthy,1.305459434828319
BRAIN_04b_GAAGGGTAGGTAAGCTAGTAGGCT-1,Healthy,1.1095118182532226
BRAIN_04b_GCGGGTTAGACCATTTAGTAGGCT-1,Healthy,0.2529352400501653
BRAIN_04b_GCGTTACTCAAGGGCCAGTAGGCT-1,Healthy,1.2718761529775033
BRAIN_04b_GCTAACTGTCGTCCAAAGTAGGCT-1,Healthy,0.3409961298680235
BRAIN_04b_GGATTGAGTCCGTGACAGTAGGCT-1,Healthy,1.551002064996878
BRAIN_04b_GGCATGTCATAAGTCGAGTAGGCT-1,Healthy,0.7472972493032359
BRAIN_04b_TCCCTCATCCTTTAGGAGTAGGCT-1,Healthy,1.171338770740879
BRAIN_04b_TTGAATCTCAGGTAACAGTAGGCT-1,Healthy,0.3730798880628914
BRAIN_04b_TTTCAGTAGCCCTTGGAGTAGGCT-1,Healthy,1.4862877627619537
BRAIN_05_AGCTGGATCGCTTCAAATGTTGAC-1,Healthy,0.9219770290752474
BRAIN_05_ATGAAAGCACCGGCAAATGTTGAC-1,Healthy,0.14403648311373862
BRAIN_05_CATGCTTCACGTAGGTATGTTGAC-1,Healthy,1.189451224519157
BRAIN_05_CATTACGTCTTCGCCCATGTTGAC-1,Healthy,1.7839163755231615
BRAIN_05_CGTTACTCATGCGGATATGTTGAC-1,Healthy,0.5993034629705276
BRAIN_05_GCCCTCAAGACCATGGATGTTGAC-1,Healthy,0.5288660420206847
BRAIN_05_GGAACATTCCAATAGAATGTTGAC-1,Healthy,0.9227722071558108
BRAIN_05_TGCGCCATCACTAATCATGTTGAC-1,Healthy,0.8210001181276532
BRAIN_05_TTCTCACTCATTAGTCATGTTGAC-1,Healthy,1.1143988657893737
BRAIN_06_AATTGACCATCATCACACAGACCT-1,Healthy,1.088643225693678
BRAIN_06_ACCCGTTAGGCAAGCCACAGACCT-1,Healthy,1.0699537739091634
BRAIN_06_ACTCCCACATTAGCGAACAGACCT-1,Healthy,1.2007617844944836
BRAIN_06_ATACTGTTCCATAAAGACAGACCT-1,Healthy,0.5001247479601794
BRAIN_06_CTGTTGCAGGGTTATAACAGACCT-1,Healthy,0.76659433542972
BRAIN_06_CTTCGCCTCCAGAACGACAGACCT-1,Healthy,0.6206106946180128
BRAIN_06_GACCGTGCACATACCTACAGACCT-1,Healthy,1.0491580664044156
BRAIN_06_GCGAATGTCGGTTCACACAGACCT-1,Healthy,0.788741401733012
BRAIN_06_GGCCTAAAGAGGTTCGACAGACCT-1,Healthy,1.4221161763526493
BRAIN_06_GTAGTAGGTTACTTCTACAGACCT-1,Healthy,0.9011731625735538
BRAIN_06_TGTTTGAGTTAACCACACAGACCT-1,Healthy,0.6754304231328443
BRAIN_06_TTCTAAGGTAATCCTAACAGACCT-1,Healthy,0.7107975796209349
BRAIN_06_TTTCAAGGTAGTCATCACAGACCT-1,Healthy,0.9211364846939927
BRAIN_06_TTTCAGTAGATGCTAAACAGACCT-1,Healthy,0.292894699091127
BRAIN_06_TTTGTGAGTTGTTTGAACAGACCT-1,Healthy,1.2101896759517303
TP_01b_AACTTGTTCGAGGTTGACTTTAGG-1,Primary,1.4770692166637436
TP_01b_ACGCCCATCCATCCGGACTTTAGG-1,Primary,1.2835648527714252
TP_01b_AGCTTTGTCCTCAAGCACTTTAGG-1,Primary,2.0758897250906894
TP_01b_AGTTGCCTCCGCACCAACTTTAGG-1,Primary,1.305800348458165
TP_01b_ATAAAGGCAGTTGCCCACTTTAGG-1,Primary,1.5176978848623135
TP_01b_ATTATGGAGTTTCAGTACTTTAGG-1,Primary,2.0359877726431046
TP_01b_CAAAGGGCACGTAGTAACTTTAGG-1,Primary,0.9963336563032175
TP_01b_CATAGAGGTGACCTGCACTTTAGG-1,Primary,0.6021840267540668
TP_01b_CATGCTGGTTGTCCAGACTTTAGG-1,Primary,1.776466543334982
TP_01b_CCAACCGTCAAACTTCACTTTAGG-1,Primary,0.14430408332803712
TP_01b_CCACTAATCAACCGGAACTTTAGG-1,Primary,1.6122650525362707
TP_01b_CGTAAACAGGAAGCCCACTTTAGG-1,Primary,1.1347681579864286
TP_01b_CGTAAGTAGTTTCGGCACTTTAGG-1,Primary,1.999136999838925
TP_01b_CTACTGATCATGGAACACTTTAGG-1,Primary,2.0798830795953513
TP_01b_CTTAAGCGTTAGCATCACTTTAGG-1,Primary,2.0377927363475585
TP_01b_GACATTGCATCCGGAGACTTTAGG-1,Primary,0.91507513789636
TP_01b_GACCAATAGGTTGCAGACTTTAGG-1,Primary,2.0125833758158977
TP_01b_GAGTAACTCGCTATATACTTTAGG-1,Primary,0.82318284344724
TP_01b_GCCATCAGTCAGTGCCACTTTAGG-1,Primary,1.8641562202601043
TP_01b_GCCTCGATCGCCTCTCACTTTAGG-1,Primary,1.53354598261132
TP_01b_GCGCCTATCTATCACGACTTTAGG-1,Primary,1.4441181344386351
TP_01b_GGAATCTAGGTTTCCAACTTTAGG-1,Primary,1.7349747442109942
TP_01b_GGCGAATGTATAGCGAACTTTAGG-1,Primary,0.7576040755125094
TP_01b_TACAGAATCCTGGAAGACTTTAGG-1,Primary,0.7592404067432165
TP_01b_TAGGCTTGTGAACGACACTTTAGG-1,Primary,1.3747283973508237
TP_01b_TAGTTGTTCTCAAACTACTTTAGG-1,Primary,1.3720003263469738
TP_01b_TCATTACAGCAAAGCTACTTTAGG-1,Primary,1.5204731720687543
TP_01b_TGAATGTCAATTGCGAACTTTAGG-1,Primary,2.2580773752607533
TP_01b_TGCCTTAAGTCAAACAACTTTAGG-1,Primary,1.094214811871343
TP_01b_TGGATCGAGGCGATATACTTTAGG-1,Primary,1.1464402170579187
TP_01b_TGGCCAGCAAGGGTCTACTTTAGG-1,Primary,1.069392792182811
TP_01b_TGGTTTAGTTAAGCCTACTTTAGG-1,Primary,1.903902713584861
TP_04_AAACGGGCAAACTTGGAGTGAGTG-1,Primary,1.8399117131137435
TP_04_AAAGGCAAGCTTATCGAGTGAGTG-1,Primary,1.0845425247496
TP_04_AACATTGAGGTCACTCAGTGAGTG-1,Primary,1.9747714559521508
TP_04_AACCTCATCATTGTACAGTGAGTG-1,Primary,1.9954664497297703
TP_04_AAGGCCATCATGCCTAAGTGAGTG-1,Primary,1.4804795310394676
TP_04_AAGTGAGAGATGCAACAGTGAGTG-1,Primary,1.5286981350756454
TP_04_AATGTGATCAGTAGCGAGTGAGTG-1,Primary,1.6086177135740027
TP_04_ACAATCAAGTATCGCCAGTGAGTG-1,Primary,0.797122415568427
TP_04_ACCATATTCTAATCACAGTGAGTG-1,Primary,2.0422861193641273
TP_04_ACCATTAGTCGTTCTCAGTGAGTG-1,Primary,1.6085988999100438
TP_04_ACCCGCTCATGAGTCAAGTGAGTG-1,Primary,0.37470266026163634
TP_04_ACCGGTTTCCCAGTACAGTGAGTG-1,Primary,2.2604615586533665
TP_04_ACGAATATCACATTCGAGTGAGTG-1,Primary,2.1043066396539962
TP_04_ACGATTGCACATACCTAGTGAGTG-1,Primary,1.3209309994216334
TP_04_ACGTAATCACAATCGAAGTGAGTG-1,Primary,2.0558019147642312
TP_04_ACTGGCTTCTTACTCCAGTGAGTG-1,Primary,1.7076642335832757
TP_04_ACTTCGTCATCACTCGAGTGAGTG-1,Primary,0.8728767698115089
TP_04_AGCGACTCAGAGAGCAAGTGAGTG-1,Primary,1.9783233037211314
TP_04_AGCGATCCAGCTTAAGAGTGAGTG-1,Primary,0.6523799925063231
TP_04_AGCGATCCATCGGGCAAGTGAGTG-1,Primary,1.3726683266333295
TP_04_AGCGTTTGTACAAACGAGTGAGTG-1,Primary,1.2744542542725696
TP_04_AGCTAAATCAGCGATGAGTGAGTG-1,Primary,1.437794064336363
TP_04_AGCTTCCAGGTGGATTAGTGAGTG-1,Primary,1.8645025766411962
TP_04_AGTAAGCTCCAGATAAAGTGAGTG-1,Primary,1.8232502940522601
TP_04_AGTATCCGTAGCCAAAAGTGAGTG-1,Primary,1.3417310280744572
TP_04_AGTCAGCCAAGCTTTCAGTGAGTG-1,Primary,1.9057636299677383
TP_04_AGTGATGGTTTACTGAAGTGAGTG-1,Primary,2.295268456674334
TP_04_ATAGCAGGTTTGAGCTAGTGAGTG-1,Primary,2.4877821166379293
TP_04_ATATAGCCACTCCCAAAGTGAGTG-1,Primary,0.9570785905055894
TP_04_ATATGCAAGCTGATGGAGTGAGTG-1,Primary,1.4954986225669569
TP_04_ATCGCTCAGTAACTTCAGTGAGTG-1,Primary,1.4703403890178854
TP_04_ATGGCAGTCCATAACTAGTGAGTG-1,Primary,1.2388524175428595
TP_04_ATGGTAATCTTACTCCAGTGAGTG-1,Primary,1.8278454240586646
TP_04_ATTCAGTTCGGGATGCAGTGAGTG-1,Primary,1.549790953245128
TP_04_CAACCGTTCGATATAGAGTGAGTG-1,Primary,1.2393296541909473
TP_04_CAACTTGTCTTTAAGCAGTGAGTG-1,Primary,1.0694842763819223
TP_04_CAATGCCTCATTAGCTAGTGAGTG-1,Primary,2.1559399999124595
TP_04_CACTAGCTCCGCCTCTAGTGAGTG-1,Primary,2.0133107047677368
TP_04_CAGGATCCACTAAGCAAGTGAGTG-1,Primary,1.3877183959962123
TP_04_CAGTGAAGTCACGATTAGTGAGTG-1,Primary,2.068150632624304
TP_04_CATAGAGGTTAAGCCTAGTGAGTG-1,Primary,0.865166814381984
TP_04_CATCGGTTCTCACCTTAGTGAGTG-1,Primary,1.6643119147615868
TP_04_CATGCTGGTATGGTAGAGTGAGTG-1,Primary,0.8568422112197603
TP_04_CCAGCTAGTTTCCTCAAGTGAGTG-1,Primary,1.6869159721931595
TP_04_CCCGAAGCAAGGCCTGAGTGAGTG-1,Primary,2.4085262688978544
TP_04_CCCTGGATCAGTAAGCAGTGAGTG-1,Primary,1.3736133766086802
TP_04_CCGTAATGTATGTGAGAGTGAGTG-1,Primary,1.913775341951616
TP_04_CCGTACGTCACCCTGGAGTGAGTG-1,Primary,1.1969322284548434
TP_04_CCTAAGCTCGCGTTCGAGTGAGTG-1,Primary,1.6914750548851027
TP_04_CCTATGATCTGGAACGAGTGAGTG-1,Primary,1.1304749420346683
TP_04_CCTCAATCACGTAGGTAGTGAGTG-1,Primary,1.5768308072439843
TP_04_CCTTCCATCCGGACAAAGTGAGTG-1,Primary,2.277651146914198
TP_04_CGAATAGGTACGATTCAGTGAGTG-1,Primary,1.224341170567862
TP_04_CGACACCGTTTCACCCAGTGAGTG-1,Primary,1.719407435697031
TP_04_CGAGCTTTCCAGATAAAGTGAGTG-1,Primary,1.3945352020581465
TP_04_CGATAAATCGATTAAGAGTGAGTG-1,Primary,2.182776970406907
TP_04_CGCATCCCAGATAACTAGTGAGTG-1,Primary,1.74108457725721
TP_04_CGCGACACACCTAACTAGTGAGTG-1,Primary,2.5223480841153583
TP_04_CGCTGGACATTGAAGTAGTGAGTG-1,Primary,1.4719056262276968
TP_04_CGGCTAAAGTACGGGCAGTGAGTG-1,Primary,1.3148243178238672
TP_04_CGGTGTGCACAGCAACAGTGAGTG-1,Primary,1.2332914281322687
TP_04_CGTAAGTAGAACCTCCAGTGAGTG-1,Primary,1.1741238736493504
TP_04_CGTTCGTAGAAGGTTCAGTGAGTG-1,Primary,0.9842501568690446
TP_04_CTAAGGGTCGCGTTCGAGTGAGTG-1,Primary,2.244296827168895
TP_04_CTCAGGGCAGCTTAAGAGTGAGTG-1,Primary,1.5848665150048655
TP_04_CTCGATTCAGCATTTCAGTGAGTG-1,Primary,2.5830035188894658
TP_04_CTGGTGAAGCTAGATAAGTGAGTG-1,Primary,1.096630020729804
TP_04_CTGTTAAGTCTAACCGAGTGAGTG-1,Primary,2.068361752813052
TP_04_CTTAATGGTGAACGGTAGTGAGTG-1,Primary,0.9369916105395362
TP_04_CTTACCGCATAGACGCAGTGAGTG-1,Primary,1.6139347212467112
TP_04_GAAGGATCAGGCAACTAGTGAGTG-1,Primary,1.197695996533864
TP_04_GACATAATCAGGCATGAGTGAGTG-1,Primary,0.9070527606536225
TP_04_GATCAAATCCAAAGACAGTGAGTG-1,Primary,1.976053093231096
TP_04_GATGGTAGTGTTTGTAAGTGAGTG-1,Primary,2.135012237803151
TP_04_GCAAACCCAGCAATTGAGTGAGTG-1,Primary,0.8834973549085674
TP_04_GCACCAAAGTCGCATCAGTGAGTG-1,Primary,1.4363669459301853
TP_04_GCAGTACCACGTAGTAAGTGAGTG-1,Primary,1.9638374969347827
TP_04_GCATTGTGTTAGGTAGAGTGAGTG-1,Primary,1.6196747677650243
TP_04_GCCTGCATCACCAGCTAGTGAGTG-1,Primary,1.9141370030095897
TP_04_GCGCTTAGTAACTACCAGTGAGTG-1,Primary,1.9197765341585908
TP_04_GCTAGTCTCGGCTAAGAGTGAGTG-1,Primary,0.8112503074083847
TP_04_GCTATTAGTACTTAGCAGTGAGTG-1,Primary,1.1798854492726094
TP_04_GCTCAGGCACCTATCGAGTGAGTG-1,Primary,1.5197231923603156
TP_04_GCTGAAAGTCCTCACTAGTGAGTG-1,Primary,1.8649798023482507
TP_04_GCTGGGTAGCAAATCAAGTGAGTG-1,Primary,1.119974562040655
TP_04_GGACCAGGTACGTTACAGTGAGTG-1,Primary,2.081138518791824
TP_04_GGAGTCGGTCAGGATAAGTGAGTG-1,Primary,0.39098337810607653
TP_04_GGGATATTCATAATCCAGTGAGTG-1,Primary,1.6860277428673407
TP_04_GGGATGACAATGGGAGAGTGAGTG-1,Primary,1.83453175426129
TP_04_GGTGCACAGTGAATCAAGTGAGTG-1,Primary,2.1419167374851007
TP_04_GGTGTGCAGGCGGATCAGTGAGTG-1,Primary,1.8667585969257021
TP_04_GTAAAGGAGGTGAATCAGTGAGTG-1,Primary,1.8506361109682972
TP_04_GTAGGCGGTCATGAAGAGTGAGTG-1,Primary,0.9846161730660632
TP_04_GTGGACCAGGCGAGAGAGTGAGTG-1,Primary,0.8264537923594286
TP_04_GTGGTTCTCCCGTTCCAGTGAGTG-1,Primary,0.77511561731448
TP_04_GTTCGCGTCCTTGAGCAGTGAGTG-1,Primary,1.3205210230433582
TP_04_GTTGAATCATTTATCGAGTGAGTG-1,Primary,1.1461046711769869
TP_04_GTTGAGGTCAATCGCCAGTGAGTG-1,Primary,1.6364913394378091
TP_04_TAAACGGGTAACGTGAAGTGAGTG-1,Primary,0.5118144207567317
TP_04_TAACCGCTCACCAGGAAGTGAGTG-1,Primary,1.3908391150094255
TP_04_TAATAGGTCCAAACGGAGTGAGTG-1,Primary,2.1074344619637166
TP_04_TACAATGAGGCAATCGAGTGAGTG-1,Primary,0.27810242436631116
TP_04_TACGCAACAAGTGCACAGTGAGTG-1,Primary,1.2270279561784811
TP_04_TACGGGTCAACAGGGAAGTGAGTG-1,Primary,1.6179422127024852
TP_04_TAGCCTTCATAACCGAAGTGAGTG-1,Primary,0.9755481722339383
TP_04_TAGGTTCGTCCTCACTAGTGAGTG-1,Primary,1.8583285253629822
TP_04_TAGTTACTCGCCTATAAGTGAGTG-1,Primary,2.057073927675682
TP_04_TATACCTAGTGAATCAAGTGAGTG-1,Primary,2.4709910691319834
TP_04_TATGAGCAGCGATGGCAGTGAGTG-1,Primary,0.6123414484965362
TP_04_TATGGTAAGACCATGGAGTGAGTG-1,Primary,1.175335614512977
TP_04_TCACAAGCAGCTTAAGAGTGAGTG-1,Primary,2.1354538407313095
TP_04_TCACCCTGTTAGCTCGAGTGAGTG-1,Primary,2.1188784783282797
TP_04_TCCTGGTAGTCAAACAAGTGAGTG-1,Primary,2.0145776210058393
TP_04_TCGCTTGCACAGGCTGAGTGAGTG-1,Primary,1.952482082571554
TP_04_TCTAATCAGCGCTAGAAGTGAGTG-1,Primary,1.0893637160360807
TP_04_TCTAGTTAGGGCGGTTAGTGAGTG-1,Primary,1.0231485934477484
TP_04_TCTGTGCAGTACGGGCAGTGAGTG-1,Primary,1.1236064679488857
TP_04_TCTTAAGGTGGGAACTAGTGAGTG-1,Primary,1.2364640265642788
TP_04_TCTTGACCAGGTATATAGTGAGTG-1,Primary,1.9558207691872345
TP_04_TCTTGACCATACTGAGAGTGAGTG-1,Primary,2.0601644461929505
TP_04_TCTTTAGCAAAGGGATAGTGAGTG-1,Primary,0.759653333358395
TP_04_TGAATGTCAGCATTTCAGTGAGTG-1,Primary,2.080240678639251
TP_04_TGCATCCAGCACGCAAAGTGAGTG-1,Primary,1.9951226557651909
TP_04_TGGTCTATCGCCTCTCAGTGAGTG-1,Primary,1.179422235799446
TP_04_TGGTTAGCATCACAGAAGTGAGTG-1,Primary,1.4840077298601613
TP_04_TGTGGGTCAATCAAACAGTGAGTG-1,Primary,2.1232094035044558
TP_04_TGTTGGTGTAATGGTGAGTGAGTG-1,Primary,1.3064806691353905
TP_04_TTAAGGTCAGCATTTCAGTGAGTG-1,Primary,1.6153653441687528
TP_04_TTATTGGGTGATTAGGAGTGAGTG-1,Primary,1.8334702031713934
TP_04_TTCCTCTAGAATGGCTAGTGAGTG-1,Primary,1.6628354776087355
TP_04_TTGCATCCAACCCTATAGTGAGTG-1,Primary,1.3983981258385836
TP_04_TTGTACGTCGACCCATAGTGAGTG-1,Primary,2.125756777766062
TP_04_TTGTTGTAGCTATATCAGTGAGTG-1,Primary,1.5406517952458434
TP_04_TTGTTGTAGGTTTCCAAGTGAGTG-1,Primary,0.6646011671813797
TP_05_AACTAACCAATGGGAGAGAGGCAA-1,Primary,2.0449318009152075
TP_05_AACTGGCCACGTGCTCAGAGGCAA-1,Primary,1.9896619434617238
TP_05_AAGCCTTGTCATGAAGAGAGGCAA-1,Primary,2.0705672598648155
TP_05_AATCGTTTCCACAATTAGAGGCAA-1,Primary,1.9258219209250753
TP_05_AATGTGATCTGCAACCAGAGGCAA-1,Primary,1.2308205928506157
TP_05_ACAAGTATCCGGCTCAAGAGGCAA-1,Primary,1.3329342708210015
TP_05_ACCATATTCGGCTAAGAGAGGCAA-1,Primary,2.640338618914517
TP_05_ACCCTCCTCCTGGTTAAGAGGCAA-1,Primary,1.7878066090025828
TP_05_ACTAAACCAACAGCACAGAGGCAA-1,Primary,1.1674547977062313
TP_05_ACTACAAAGATGCAACAGAGGCAA-1,Primary,1.2594246422841104
TP_05_ACTCGCCCACTTTGTAAGAGGCAA-1,Primary,2.117843332463227
TP_05_AGCAGGCTCCTTATGGAGAGGCAA-1,Primary,1.9429315716427007
TP_05_AGCCTTTCAGGATTGCAGAGGCAA-1,Primary,1.930696954403707
TP_05_AGGGTCCAGACAGACTAGAGGCAA-1,Primary,2.5181852371850737
TP_05_AGTAACCAGAGCAATCAGAGGCAA-1,Primary,0.972538810783757
TP_05_ATCAGCACACAATGGCAGAGGCAA-1,Primary,1.739203010445645
TP_05_ATCCATCCATTGCCGCAGAGGCAA-1,Primary,1.5250254737141224
TP_05_ATGCGATAGCTAACTTAGAGGCAA-1,Primary,1.8189478849331087
TP_05_ATGGCCCGTTTCGCCTAGAGGCAA-1,Primary,1.956075684531394
TP_05_ATGTTCCCATTTCGACAGAGGCAA-1,Primary,2.115111100624997
TP_05_CAAACAATCAATTTGCAGAGGCAA-1,Primary,2.4826114971814413
TP_05_CAAGATTCATACTTCAAGAGGCAA-1,Primary,1.9915185602019534
TP_05_CACAGCAAGGCTTATTAGAGGCAA-1,Primary,1.0498398712983144
TP_05_CACTTTACATGGCTTTAGAGGCAA-1,Primary,2.4220144068009404
TP_05_CAGATAATCGCGGATAAGAGGCAA-1,Primary,1.6632576693858119
TP_05_CATAGGTAGCGAAGAAAGAGGCAA-1,Primary,1.8090318568524744
TP_05_CATGGTTGTGATGCAAAGAGGCAA-1,Primary,1.5397947666005363
TP_05_CATGGTTGTTAATTCGAGAGGCAA-1,Primary,0.9554898214416638
TP_05_CCTATGATCGAAATGCAGAGGCAA-1,Primary,2.3566119803712544
TP_05_CCTTCCTCATACTTGCAGAGGCAA-1,Primary,1.6425736732350216
TP_05_CGTAAACAGTGCAACGAGAGGCAA-1,Primary,0.7893159132428714
TP_05_CTAGGCGCAGAGAGCAAGAGGCAA-1,Primary,2.217984422256245
TP_05_CTATTACAGCAAATCAAGAGGCAA-1,Primary,2.0809212346555515
TP_05_CTATTGAGTGGTGCAGAGAGGCAA-1,Primary,2.132965600807193
TP_05_CTCGCTTGTGGAAGCTAGAGGCAA-1,Primary,1.5607283126964684
TP_05_CTTGATTAGTAATTGGAGAGGCAA-1,Primary,1.0764382384803035
TP_05_GACAAACTCGTTCAATAGAGGCAA-1,Primary,1.1529041073984434
TP_05_GAGATACTCCCACATAAGAGGCAA-1,Primary,1.2928220069582763
TP_05_GAGGAGTAGGTCAAGTAGAGGCAA-1,Primary,1.1999111388400487
TP_05_GATGGACGTGGATGCGAGAGGCAA-1,Primary,1.6792503362467357
TP_05_GCAACTTGTAGTAGCAAGAGGCAA-1,Primary,1.8544440698258369
TP_05_GCACAACCACATACCTAGAGGCAA-1,Primary,1.840846413732905
TP_05_GCGCACACAAACAAGAAGAGGCAA-1,Primary,2.1250694674518944
TP_05_GCGCTACGTGAAGCACAGAGGCAA-1,Primary,2.0142854993915966
TP_05_GCTACAACATGACATGAGAGGCAA-1,Primary,2.436858798773661
TP_05_GCTAGACCAGCGGATTAGAGGCAA-1,Primary,1.8895154166505066
TP_05_GGATATTCAGTTAAACAGAGGCAA-1,Primary,1.198046391191515
TP_05_GGTGTGATCACCACACAGAGGCAA-1,Primary,1.7243125984181484
TP_05_GGTTAGTAGTAAACCAAGAGGCAA-1,Primary,1.924180063937113
TP_05_GGTTTACGTTGCGCTAAGAGGCAA-1,Primary,1.6083031642642611
TP_05_GTAGTCCTCACTATACAGAGGCAA-1,Primary,1.4815214030485444
TP_05_GTCACACTCCAACATTAGAGGCAA-1,Primary,1.9397978385397212
TP_05_GTCACACTCTGTCAGCAGAGGCAA-1,Primary,1.5792147117732436
TP_05_GTCATAAAGCAACTTTAGAGGCAA-1,Primary,1.739607945285152
TP_05_GTGCAAGTCAACTTGTAGAGGCAA-1,Primary,2.481782352951301
TP_05_GTTCATTAGGATTATGAGAGGCAA-1,Primary,2.025838840678092
TP_05_TAACCCTCATACTTGCAGAGGCAA-1,Primary,1.5168362578117098
TP_05_TAACGAATCCTAAGTTAGAGGCAA-1,Primary,1.3229955768367967
TP_05_TACCAGCTCTATTGACAGAGGCAA-1,Primary,2.127439499354118
TP_05_TACGTTAGTAATGCGAAGAGGCAA-1,Primary,1.7157455177879584
TP_05_TAGCGGTCAACAAGTTAGAGGCAA-1,Primary,1.9062791216277337
TP_05_TAGTGCTGTCGAATCTAGAGGCAA-1,Primary,1.9158343675000036
TP_05_TAGTTTCAGGCGCATAAGAGGCAA-1,Primary,1.705440282922709
TP_05_TATGAGCAGATAACGCAGAGGCAA-1,Primary,1.9442432436999393
TP_05_TCCGTTAAGCAAATCAAGAGGCAA-1,Primary,1.612648030424268
TP_05_TCGATAAAGTATGGGTAGAGGCAA-1,Primary,2.002359717886171
TP_05_TCGTTGCAGTATGGGTAGAGGCAA-1,Primary,1.2996053915392394
TP_05_TCTAAGTTCCCAGTACAGAGGCAA-1,Primary,1.4930763558456592
TP_05_TCTATCTGTAAGGTTGAGAGGCAA-1,Primary,2.0011455446809334
TP_05_TCTTGACCATACTGAGAGAGGCAA-1,Primary,1.5624493832622108
TP_05_TGACGTACACACTAAGAGAGGCAA-1,Primary,1.198778057192119
TP_05_TGCGGCTGTGGTGCAGAGAGGCAA-1,Primary,1.3913875013161454
TP_05_TGGGCGTAGCAGGTCAAGAGGCAA-1,Primary,0.9361627238937739
TP_05_TGTATTGGTTACCGTGAGAGGCAA-1,Primary,2.093159339989326
TP_05_TGTGCGCGTTCGATGTAGAGGCAA-1,Primary,2.1855693029896943
TP_05_TTAAACCTCCTGGTTAAGAGGCAA-1,Primary,1.3626734551114676
TP_05_TTAGGTGCATAACCAGAGAGGCAA-1,Primary,1.700944665288035
TP_05_TTCGAACGTTATGTGCAGAGGCAA-1,Primary,1.9750449428002732
TP_05_TTCTCACTCATGGATAAGAGGCAA-1,Primary,1.9339196578399123
TP_05_TTGAAAGTCGATTATCAGAGGCAA-1,Primary,1.4865987367533826
TP_05_TTTCATCGTCAGGGCAAGAGGCAA-1,Primary,1.6715253632409646
TP_06_AACGGTTAGCGCAAGCACTACTCA-1,Primary,0.8254645337743087
TP_06_AACTCGCTCGCAACGAACTACTCA-1,Primary,1.5959021981786967
TP_06_AATTGACCATCGATAGACTACTCA-1,Primary,2.0324980494571823
TP_06_ACTGGCTTCGCATTTGACTACTCA-1,Primary,1.8493533721858328
TP_06_ATTTACGGTAAGGTTGACTACTCA-1,Primary,1.5852967696722036
TP_06_CAGCAATAGGGATTTAACTACTCA-1,Primary,1.6455828627345028
TP_06_CAGTGAAGTCACGATTACTACTCA-1,Primary,1.3563902799044631
TP_06_CCCATCCTCAAGGGCCACTACTCA-1,Primary,2.298744234694161
TP_06_CCCATTAAGGATCCCTACTACTCA-1,Primary,1.5154335385404607
TP_06_CGTCATTCATAGCCGGACTACTCA-1,Primary,1.2650667093423678
TP_06_GACAGGCTCTCAAACTACTACTCA-1,Primary,1.6205835746805903
TP_06_GACTAGTAGATAACTGACTACTCA-1,Primary,1.6441144078975265
TP_06_GCCATCAGTTCAAGGAACTACTCA-1,Primary,1.020151207154354
TP_06_GCTCACTAGAGCAATCACTACTCA-1,Primary,1.4479309306386363
TP_06_GCTTACATCACACAAAACTACTCA-1,Primary,0.16586423133748052
TP_06_GGACCTGCACAATCGAACTACTCA-1,Primary,1.8186853935341927
TP_06_GGCCTAAAGTCTAACTACTACTCA-1,Primary,1.6161682056904634
TP_06_GGTGTTTGTGATGCAAACTACTCA-1,Primary,1.619940449064014
TP_06_GTATACTTCCTTTGTCACTACTCA-1,Primary,1.1941751559700546
TP_06_GTTAATGAGGCCATGAACTACTCA-1,Primary,1.257492231681098
TP_06_GTTGTAAAGACAAAGGACTACTCA-1,Primary,1.9622172738706463
TP_06_TAACCTGTCGATATGAACTACTCA-1,Primary,1.588867950231505
TP_06_TACGGGCAGGTTATCTACTACTCA-1,Primary,1.3728392252656354
TP_06_TGGGACATCATCCAGCACTACTCA-1,Primary,1.8265741086058056
TP_06_TGGTAATCAATGAAGAACTACTCA-1,Primary,1.6937801118886595
TP_06_TTAAGGTCACATAAACACTACTCA-1,Primary,1.6325790162306744
TP_06_TTATGTCAGTGATCAAACTACTCA-1,Primary,1.343151619385004
TP_06_TTATTGCAGAAGGTCTACTACTCA-1,Primary,2.0693407632245076
TP_06_TTCGAGGAGTTGCAAAACTACTCA-1,Primary,1.2948784138046658
TP_08_AAATGAGCACTTAACCATCATGTG-1,Primary,0.6550341370194945
TP_08_AAGGCTGTCGACCCATATCATGTG-1,Primary,1.050770737776055
TP_08_AAGTGAACATGGCTTTATCATGTG-1,Primary,0.8564840280438839
TP_08_ACACTAAAGGTAATTGATCATGTG-1,Primary,0.9095657524842884
TP_08_ACCCTCACAATGTGGCATCATGTG-1,Primary,0.27869907019278684
TP_08_ACCGGCTGTCATTACAATCATGTG-1,Primary,2.1120051327033256
TP_08_AGAACAACAGGCGAAAATCATGTG-1,Primary,1.341599414389026
TP_08_AGACTGAGTGTGGCTCATCATGTG-1,Primary,1.71898863571821
TP_08_AGCCTCTAGATGATTGATCATGTG-1,Primary,1.1782545757717537
TP_08_AGCGCTAAGCAATCCCATCATGTG-1,Primary,1.0059691256539072
TP_08_ATCGTGCTCATGCGGAATCATGTG-1,Primary,1.3233925674085467
TP_08_ATGAAAGCATAAGCTGATCATGTG-1,Primary,2.0708971736029644
TP_08_CACTAACGTGACCTTGATCATGTG-1,Primary,0.8578307027392725
TP_08_CACTAGCTCACTTGATATCATGTG-1,Primary,0.2184130054535287
TP_08_CAGGTTGAGGCGAGTCATCATGTG-1,Primary,1.3047573960772216
TP_08_CAGTGAGTCATCCAGCATCATGTG-1,Primary,1.356115719252121
TP_08_CATGCTCAGCTATCGCATCATGTG-1,Primary,1.0056488914953363
TP_08_CCCATAATCAGCACAGATCATGTG-1,Primary,0.9933790954732525
TP_08_CCCATTAAGGATCCCTATCATGTG-1,Primary,1.6568286163374388
TP_08_CGCGTTCCACGGTACGATCATGTG-1,Primary,1.5247591006742791
TP_08_CTCAAATTCGTTCGTAATCATGTG-1,Primary,0.8713212146527951
TP_08_CTGTCATCACTCAAAGATCATGTG-1,Primary,1.7311639129191279
TP_08_CTTAAGGCACACTAAGATCATGTG-1,Primary,0.7691311372597275
TP_08_GAATCACAGGAACCGCATCATGTG-1,Primary,1.486145071735743
TP_08_GACTGAGTCAGGCTGAATCATGTG-1,Primary,1.6611899333101992
TP_08_GAGTTACAGGGTTGCAATCATGTG-1,Primary,1.5828035982579094
TP_08_GATTGATCAACGACTAATCATGTG-1,Primary,1.2364020020295132
TP_08_GCGAGGTTCCCGCTGAATCATGTG-1,Primary,0.9233850804062369
TP_08_GCGCAATCAGGACTACATCATGTG-1,Primary,2.0077513333304227
TP_08_GCGCTACGTGAGAAGGATCATGTG-1,Primary,2.354820603325077
TP_08_GCTGACTTCTTTAGCGATCATGTG-1,Primary,1.0767501347702044
TP_08_GCTGTCAGTAGTCATCATCATGTG-1,Primary,1.9821882222164149
TP_08_GGCAAGCTCGGGACTAATCATGTG-1,Primary,1.4319892895022472
TP_08_GGCTTAACAGAAAGGTATCATGTG-1,Primary,0.7392272535090278
TP_08_GGTACGTCAGCTCATTATCATGTG-1,Primary,1.8370505823864836
TP_08_GGTTGACCATCACAGAATCATGTG-1,Primary,1.5888758420637985
TP_08_GTAACCACATCCCAATATCATGTG-1,Primary,1.7112559668680696
TP_08_GTAACGGTCCCTGGTGATCATGTG-1,Primary,1.307685252713688
TP_08_GTCACACTCCTAAAGAATCATGTG-1,Primary,1.887972494523527
TP_08_GTCCAAACACACTGGGATCATGTG-1,Primary,1.4543031366403498
TP_08_GTCCGTTAGGTGAGTTATCATGTG-1,Primary,1.0798662875435565
TP_08_GTGCGGTAGGTAATGCATCATGTG-1,Primary,0.7422787260046295
TP_08_GTGGACCAGTATCGCCATCATGTG-1,Primary,0.885303774576751
TP_08_GTTCATTAGTGAGTTAATCATGTG-1,Primary,0.7115543648699554
TP_08_GTTGGGTCACCGGTAGATCATGTG-1,Primary,1.047026988137508
TP_08_GTTTGCATCTATTGCGATCATGTG-1,Primary,2.0059500497124176
TP_08_TACGTTCCATCTATCAATCATGTG-1,Primary,2.184208873063029
TP_08_TAGTGCTGTCATGATCATCATGTG-1,Primary,1.778864194413353
TP_08_TATAACGAGGGAGGATATCATGTG-1,Primary,0.9312239303452167
TP_08_TATCGCTCATTGTGTCATCATGTG-1,Primary,0.7607309829601681
TP_08_TCACAAGCACCGGCAAATCATGTG-1,Primary,1.0761531308164378
TP_08_TCCATTACAAGTTGGCATCATGTG-1,Primary,0.782407311883787
TP_08_TCCATTACACTCCCAAATCATGTG-1,Primary,1.1431141273973715
TP_08_TCGACTCAGTAGCCTCATCATGTG-1,Primary,1.8371652330577728
TP_08_TCGTTCGCATGGCGCAATCATGTG-1,Primary,1.6009278495851373
TP_08_TCTAACTAGGCTACTCATCATGTG-1,Primary,0.9782331322662063
TP_08_TGCCTTAAGGGAGGCAATCATGTG-1,Primary,1.292122973173268
TP_08_TGGGCGTAGTCTGTGCATCATGTG-1,Primary,1.829680800482515
TP_08_TGGGTCCGTGTGACCCATCATGTG-1,Primary,0.6911878108514392
TP_08_TGTCAGGAGGTAATGCATCATGTG-1,Primary,2.559051652163643
TP_08_TTAGAGCAGGCACTAGATCATGTG-1,Primary,1.6275724337179103
TP_08_TTCCTCTAGGTTACTTATCATGTG-1,Primary,1.655664598002129
TP_08_TTCTGGCAGAATGGCTATCATGTG-1,Primary,0.7176237225340693
TP_08_TTGTACGTCACTTCGAATCATGTG-1,Primary,1.7403833599864704
TR_01_AAATGGTGTCATCAGTACTTTAGG-1,Recurrent,1.6262172627224492
TR_01_AACCATTTCAAGGGTTACTTTAGG-1,Recurrent,1.2542726885274185
TR_01_ACAAGTATCATGATGAACTTTAGG-1,Recurrent,0.7635696897704325
TR_01_ACAATTGAGAAGCATCACTTTAGG-1,Recurrent,1.200042832675099
TR_01_ACGATTCGTCAAGCTTACTTTAGG-1,Recurrent,0.9790157205472287
TR_01_AGAACAACAGGCGAAAACTTTAGG-1,Recurrent,1.162013050230035
TR_01_AGCTATGCAGGTCAACACTTTAGG-1,Recurrent,1.596525702303965
TR_01_AGTCAATCATTGCATCACTTTAGG-1,Recurrent,1.6249986731074244
TR_01_ATCGTTAGTGTTAGAGACTTTAGG-1,Recurrent,1.5875856644258897
TR_01_ATTGCACGTGGACCCTACTTTAGG-1,Recurrent,0.8664803652385444
TR_01_CACCAACTCCTAAAGAACTTTAGG-1,Recurrent,2.418306680237634
TR_01_CGCAATTGTGAATCTCACTTTAGG-1,Recurrent,1.378368151362338
TR_01_CTAAGATCAGCTAAGCACTTTAGG-1,Recurrent,2.1862650304770384
TR_01_GATTGTGCAACCGTAAACTTTAGG-1,Recurrent,0.6683488878017149
TR_01_GCATTTAGTGGATGGTACTTTAGG-1,Recurrent,1.2884714345159383
TR_01_GCTCCTGAGATGAAGGACTTTAGG-1,Recurrent,0.4619126887145508
TR_01_GGAACTAGTATTACCAACTTTAGG-1,Recurrent,1.3864269359090169
TR_01_GGACCTGCATGGTCAAACTTTAGG-1,Recurrent,1.5703079670489315
TR_01_GGCCATTTCACAAACAACTTTAGG-1,Recurrent,2.122972545368027
TR_01_GTATTACTCATTATGCACTTTAGG-1,Recurrent,1.3994106388004757
TR_01_TATGGTAAGGGTTACGACTTTAGG-1,Recurrent,0.5628895476382167
TR_01_TCTCAATAGGCTTAAAACTTTAGG-1,Recurrent,1.474611461744177
TR_01_TGAACCTGTACGAATGACTTTAGG-1,Recurrent,1.5819639187384669
TR_01_TGAGTGAGTACTTACAACTTTAGG-1,Recurrent,1.2561487825179192
TR_01_TTAACGTTCCAGAAACACTTTAGG-1,Recurrent,1.6615207309690594
TR_01_TTAAGCTTCGCAACGAACTTTAGG-1,Recurrent,1.073647149536083
TR_01_TTTGCCCGTACGTTACACTTTAGG-1,Recurrent,1.9218863228194092
TR_02_AAACCAGGTTCCGGGTAACGGGAA-1,Recurrent,1.7891312347318735
TR_02_AGAAATGCATCACGAAAACGGGAA-1,Recurrent,2.1662658623028896
TR_02_ATAATGGTCAAGTTTCAACGGGAA-1,Recurrent,1.3610728820587725
TR_02_ATATCGAAGTCAACTTAACGGGAA-1,Recurrent,0.46361911293289326
TR_02_CCTCCAACATGCGCCTAACGGGAA-1,Recurrent,0.9687530823081485
TR_02_CGATGTTGTTCCTTCAAACGGGAA-1,Recurrent,2.3315864516650215
TR_02_CTACCCACAAGAAATGAACGGGAA-1,Recurrent,1.4359932971352007
TR_02_GCGGTAATCACCCTCCAACGGGAA-1,Recurrent,2.580306440353541
TR_02_GGTGAACGTGTGGCTCAACGGGAA-1,Recurrent,2.1302420433832916
TR_02_GTTCGATGTATGGTGAAACGGGAA-1,Recurrent,0.33489943385778087
TR_02_TAACCGTGTACCTCAGAACGGGAA-1,Recurrent,1.8639986129028843
TR_02_TAGCGGTCACTCAAAGAACGGGAA-1,Recurrent,1.1078528778720256
TR_02_TCAAACCGTCTTTATCAACGGGAA-1,Recurrent,1.9260094436203028
TR_02_TGCAAATCAATGAATCAACGGGAA-1,Recurrent,1.8828098052440083
TR_02_TGGCTACTCACATTACAACGGGAA-1,Recurrent,1.874804213436634
TR_03_AAGTTGTCAATGAGCCAGTAGGCT-1,Recurrent,2.3182182644079736
TR_03_AATTACCTCCATAGGGAGTAGGCT-1,Recurrent,1.6495636494253707
TR_03_ACTGGCTTCATGATGAAGTAGGCT-1,Recurrent,2.2193810133872276
TR_03_AGCGCTAAGTTTCGGCAGTAGGCT-1,Recurrent,2.041031340894471
TR_03_AGGGACCTCCAACTTGAGTAGGCT-1,Recurrent,1.9852127843383043
TR_03_AGTAAACGTGCGGAATAGTAGGCT-1,Recurrent,1.5525525416117536
TR_03_AGTTCCTCACTAGCGGAGTAGGCT-1,Recurrent,1.194407764712365
TR_03_CATGCCAGTAATGAACAGTAGGCT-1,Recurrent,2.2342367983868794
TR_03_CGCAAGGGTGCTCCAAAGTAGGCT-1,Recurrent,1.161582137609066
TR_03_CTTTAGTAGAGCAACTAGTAGGCT-1,Recurrent,0.8262868234605507
TR_03_GGCGAAACATTAGCGAAGTAGGCT-1,Recurrent,1.4783877526291236
TR_03_GGTAGTTAGCCAAACGAGTAGGCT-1,Recurrent,0.8938510253903411
TR_03_GTTCACCAGTCCTGCGAGTAGGCT-1,Recurrent,1.3765443895929559
TR_03_TACGTTAGTTAAGGATAGTAGGCT-1,Recurrent,2.3307760787484666
TR_03_TATCGATTCAGGAGCCAGTAGGCT-1,Recurrent,0.7675614999429077
TR_03_TCTGGAACATGAGGGAAGTAGGCT-1,Recurrent,2.829538326150027
TR_03_TCTGGCCCAACCATTCAGTAGGCT-1,Recurrent,2.1332901695961106
TR_03_TGAGGTCCAAATAACCAGTAGGCT-1,Recurrent,2.528506056082297
TR_03_TGCCGGTGTGACCTTGAGTAGGCT-1,Recurrent,1.0200208598140394
TR_03_TGCGCATTCCAAAGACAGTAGGCT-1,Recurrent,1.3758411231193919
TR_03_TTATTGCAGGTAATGCAGTAGGCT-1,Recurrent,2.0159834678106323
TR_04_AAATGAGCATTTCGCGATGTTGAC-1,Recurrent,1.625490365287252
TR_04_ACCCTAATCGGTAAGTATGTTGAC-1,Recurrent,1.9824743915396972
TR_04_AGCCTGTTCGATATGAATGTTGAC-1,Recurrent,1.7558465164290085
TR_04_AGCTTGTGTAGTCATCATGTTGAC-1,Recurrent,1.9583366659986128
TR_04_AGTGGATTCCTGGATCATGTTGAC-1,Recurrent,2.1587012539190362
TR_04_AGTTAGGGTTAACGTCATGTTGAC-1,Recurrent,1.553570675430021
TR_04_ATACGTAAGCTTACCAATGTTGAC-1,Recurrent,1.0408334999271016
TR_04_ATGGCCTTCCTGCCAGATGTTGAC-1,Recurrent,2.365619648759687
TR_04_ATTCGATTCAACCAAAATGTTGAC-1,Recurrent,1.9067267412462081
TR_04_ATTGCCTCACCTTACGATGTTGAC-1,Recurrent,1.0951705356370944
TR_04_CCCATCACACAGCCAGATGTTGAC-1,Recurrent,2.2042580043213893
TR_04_CGAAGGTGTGAACGTAATGTTGAC-1,Recurrent,1.9540875962466522
TR_04_CGCGATAAGCTGGGTAATGTTGAC-1,Recurrent,2.0305627708532668
TR_04_CGCTGGACATTGAGATATGTTGAC-1,Recurrent,1.310428242026758
TR_04_CGGGTTAAGAGGCGGAATGTTGAC-1,Recurrent,2.221682723552781
TR_04_CGTTACATCAGTAGCGATGTTGAC-1,Recurrent,1.6303195631896226
TR_04_CTAATCTAGCCTATATATGTTGAC-1,Recurrent,1.8103925677185708
TR_04_CTAGGTACACGTGCTCATGTTGAC-1,Recurrent,2.1168355839681516
TR_04_CTCAGCTAGCGCCTTGATGTTGAC-1,Recurrent,0.0027228247732576927
TR_04_CTCCTAAAGTTTGACTATGTTGAC-1,Recurrent,0.9130808909228502
TR_04_CTGATGACACATAGTGATGTTGAC-1,Recurrent,1.848484029145192
TR_04_GAACAGGCAATTGCGAATGTTGAC-1,Recurrent,1.9491426404193986
TR_04_GAATTGATCGTTCAATATGTTGAC-1,Recurrent,1.692417267048843
TR_04_GCATAAATCGAGAGAAATGTTGAC-1,Recurrent,1.6144107619687724
TR_04_GCCAATACATCATGCTATGTTGAC-1,Recurrent,0.40915974197346583
TR_04_GCCCAGTGTTCATTGAATGTTGAC-1,Recurrent,1.6791437350514498
TR_04_GCGGTTCGTCAACAAGATGTTGAC-1,Recurrent,1.7753624099981655
TR_04_GCTCCATAGAGGCGGAATGTTGAC-1,Recurrent,1.209631743036206
TR_04_GGCTGAGGTCACACCAATGTTGAC-1,Recurrent,2.107568264187369
TR_04_GGTGTTTGTAGACTGAATGTTGAC-1,Recurrent,2.0931936739645955
TR_04_GTGGACATCTGGCTACATGTTGAC-1,Recurrent,2.048595497008339
TR_04_GTTAGGCCATCGATAGATGTTGAC-1,Recurrent,2.2206596190369847
TR_04_TAGGTTCGTTAGGCGGATGTTGAC-1,Recurrent,1.787935428316159
TR_04_TCCCGTTGTTTGCAACATGTTGAC-1,Recurrent,1.6757394084309316
TR_04_TGATTGCGTTCGATGTATGTTGAC-1,Recurrent,2.0101631569803544
TR_04_TGCAGGTCAATAGAAGATGTTGAC-1,Recurrent,2.0457479156512908
TR_04_TGCTGGTTCAGCACCTATGTTGAC-1,Recurrent,0.9507240256407711
TR_04_TGTCGAGAGACAACACATGTTGAC-1,Recurrent,1.9954309324584574
TR_04_TTACGGACAAGGTGCTATGTTGAC-1,Recurrent,2.2078753400071234
TR_04_TTACTTGCAACCTTGTATGTTGAC-1,Recurrent,1.4225536315653553
TR_04_TTCAGGACAGCCTATTATGTTGAC-1,Recurrent,2.1770179498729694
TR_06_AAAGCCTAGAGCAACTATCCCAAC-1,Recurrent,2.082401912547202
TR_06_AAAGTCATCGTTCAATATCCCAAC-1,Recurrent,0.7208082816972382
TR_06_AAATGAGCAAGCGAAGATCCCAAC-1,Recurrent,1.600698076710345
TR_06_AACTAACCACCTAAAGATCCCAAC-1,Recurrent,0.7961882710881283
TR_06_AACTAACCAGCAATTGATCCCAAC-1,Recurrent,0.7172306633089396
TR_06_AAGGACAAGCTTCCTTATCCCAAC-1,Recurrent,1.1707319354922392
TR_06_AAGGCCATCATAACCTATCCCAAC-1,Recurrent,1.7923503760425035
TR_06_AAGGCCCAGTGCAACGATCCCAAC-1,Recurrent,1.3378254981467692
TR_06_AAGGCTTAGTCAGGCAATCCCAAC-1,Recurrent,2.427489216664822
TR_06_AATCACGCAACAGCACATCCCAAC-1,Recurrent,1.4869264152624968
TR_06_AATCCGTGTGAACGTAATCCCAAC-1,Recurrent,1.4153862063993392
TR_06_AATGGATGTTCTTACTATCCCAAC-1,Recurrent,1.8439193803253988
TR_06_AATGGCAGTACGTAAGATCCCAAC-1,Recurrent,2.425023329668526
TR_06_ACAACGGTCGACCGTTATCCCAAC-1,Recurrent,1.9818621764917093
TR_06_ACCAACTGTCCCTCTGATCCCAAC-1,Recurrent,1.6570704509609293
TR_06_ACCAATTTCTCTCGCCATCCCAAC-1,Recurrent,1.8862290831975421
TR_06_ACCATTAGTCGTTCTCATCCCAAC-1,Recurrent,0.9415934041788522
TR_06_ACCCTGGTCCCTCGCTATCCCAAC-1,Recurrent,2.0120809293602857
TR_06_ACCTAAGCAAACCGGTATCCCAAC-1,Recurrent,2.096527170829309
TR_06_ACCTGGAAGGTTCGAGATCCCAAC-1,Recurrent,1.796778816898963
TR_06_ACTTAGAAGACTTAAGATCCCAAC-1,Recurrent,1.7257555512785643
TR_06_AGCATTAAGATAGCTAATCCCAAC-1,Recurrent,1.719478591778448
TR_06_AGCGTTTGTTTCGCCTATCCCAAC-1,Recurrent,1.239987918210054
TR_06_AGCTATGCAAGTAAGAATCCCAAC-1,Recurrent,0.565331591433348
TR_06_AGCTGGATCTTGATCGATCCCAAC-1,Recurrent,0.5117934710845733
TR_06_AGGGCTTCAGATTGCAATCCCAAC-1,Recurrent,1.6326942429840456
TR_06_AGTAACCAGCAAGTTAATCCCAAC-1,Recurrent,2.073953048648453
TR_06_AGTAGGCGTTAGCGGGATCCCAAC-1,Recurrent,1.7383436453209273
TR_06_AGTCGCGCAGGATCCGATCCCAAC-1,Recurrent,1.8623042271838524
TR_06_AGTGAGAAGAAACCCGATCCCAAC-1,Recurrent,2.3148462502324434
TR_06_AGTGATTCAACATGATATCCCAAC-1,Recurrent,1.5886424927254543
TR_06_ATAAAGGCACCAACAAATCCCAAC-1,Recurrent,2.08487510682082
TR_06_ATAAAGGCATAGCCTTATCCCAAC-1,Recurrent,1.0129013333281938
TR_06_ATACCCGGTTTACTGAATCCCAAC-1,Recurrent,1.0545355145223347
TR_06_ATCGAACAGGTAATTGATCCCAAC-1,Recurrent,1.664722301248544
TR_06_ATGTCAAAGCGTGCTTATCCCAAC-1,Recurrent,1.6517943430476902
TR_06_ATTCGATTCATTGAAGATCCCAAC-1,Recurrent,2.185313589286805
TR_06_ATTGATGAGTCAACAAATCCCAAC-1,Recurrent,0.8069903689900702
TR_06_ATTGGCGAGTAAAGGGATCCCAAC-1,Recurrent,0.7690646993161008
TR_06_CAAATTGAGTCAATGAATCCCAAC-1,Recurrent,1.816832307046253
TR_06_CAAGATTCAATATGCGATCCCAAC-1,Recurrent,1.909283720923689
TR_06_CAAGTCCTCGGTTCCGATCCCAAC-1,Recurrent,0.925423167534654
TR_06_CACAATAAGTAATTGGATCCCAAC-1,Recurrent,1.888791118887174
TR_06_CAGGTATAGGCTGTGAATCCCAAC-1,Recurrent,1.9247024593631858
TR_06_CAGGTCAAGCACTACCATCCCAAC-1,Recurrent,0.7404629842654551
TR_06_CAGGTTACATTGAACGATCCCAAC-1,Recurrent,1.9694270093767425
TR_06_CAGTTAAAGGTTATGAATCCCAAC-1,Recurrent,0.657269817412329
TR_06_CATTACGTCGAACCGAATCCCAAC-1,Recurrent,1.8516254406549078
TR_06_CATTTCTGTGATAAACATCCCAAC-1,Recurrent,1.6057037722592071
TR_06_CCATAACGTATTGACCATCCCAAC-1,Recurrent,0.839168363886778
TR_06_CCATCATCAGCCATAAATCCCAAC-1,Recurrent,1.6831900980264414
TR_06_CCATTGTCAGGCGAAAATCCCAAC-1,Recurrent,2.113230753080052
TR_06_CCCTGACCAAGTTGCAATCCCAAC-1,Recurrent,1.893705917443534
TR_06_CCGCTATAGTCCTGCGATCCCAAC-1,Recurrent,1.9159291971719692
TR_06_CCTAAGGAGCATGTGGATCCCAAC-1,Recurrent,1.6826741469836022
TR_06_CCTCAATCATACTTCAATCCCAAC-1,Recurrent,1.8870430362429944
TR_06_CGAAGAAAGGTAATTGATCCCAAC-1,Recurrent,1.7706752248962725
TR_06_CGAATAGGTCGTTGCAATCCCAAC-1,Recurrent,1.5226696428230715
TR_06_CGACACAAGGCCATTCATCCCAAC-1,Recurrent,1.498313338173868
TR_06_CGATTTAGTTTCTAAGATCCCAAC-1,Recurrent,1.8044004424535083
TR_06_CGCATAACAACGACTAATCCCAAC-1,Recurrent,2.501669653225106
TR_06_CGCATCCCATCAAGCAATCCCAAC-1,Recurrent,1.035227179156701
TR_06_CTCCTCTCACGTGCTCATCCCAAC-1,Recurrent,1.5139870993434807
TR_06_CTCTTGAAGAGCAAGAATCCCAAC-1,Recurrent,2.1119278993617643
TR_06_CTGGTCAGTTGGCCACATCCCAAC-1,Recurrent,1.817055501173658
TR_06_CTTACCTTCAGGCAATATCCCAAC-1,Recurrent,1.7432765230856861
TR_06_CTTAGAAAGCTAGCCTATCCCAAC-1,Recurrent,1.8872612058421598
TR_06_CTTCAACCATCAAGTGATCCCAAC-1,Recurrent,1.8340978382788031
TR_06_GACAGGCTCTTAAGCTATCCCAAC-1,Recurrent,1.9809935878882021
TR_06_GACTAGTAGGGTTTGGATCCCAAC-1,Recurrent,0.6726031453972112
TR_06_GACTTCGGTGTTTGCGATCCCAAC-1,Recurrent,1.9371833379424714
TR_06_GAGATACTCAAACTTCATCCCAAC-1,Recurrent,1.8094961643729282
TR_06_GAGCCTGCACGCAATAATCCCAAC-1,Recurrent,1.2355314385327483
TR_06_GATTAGTCATTACACCATCCCAAC-1,Recurrent,0.9895980142661461
TR_06_GATTCGCTCACACAAAATCCCAAC-1,Recurrent,1.3221558232706785
TR_06_GCCCTCAAGGCCATGAATCCCAAC-1,Recurrent,2.279437413220666
TR_06_GCGAACGGTACGGGCAATCCCAAC-1,Recurrent,1.3335728646818774
TR_06_GCGAACGGTCTGTCAGATCCCAAC-1,Recurrent,1.6731251569450707
TR_06_GCGCACACAAACAAGAATCCCAAC-1,Recurrent,1.3375288668628147
TR_06_GCGCCTATCAAGCGATATCCCAAC-1,Recurrent,1.4790963800168275
TR_06_GCGCTAAAGTACGGGCATCCCAAC-1,Recurrent,1.035060543720025
TR_06_GCTAAATCATCGATAGATCCCAAC-1,Recurrent,2.200213533112853
TR_06_GCTATGCTCCAACTATATCCCAAC-1,Recurrent,1.6569092658691638
TR_06_GCTGATGAGCACGCAAATCCCAAC-1,Recurrent,2.1005331857093137
TR_06_GCTTCATCAATCCACTATCCCAAC-1,Recurrent,1.9497744458764066
TR_06_GCTTGGTTCTCACAATATCCCAAC-1,Recurrent,1.805205044345166
TR_06_GGAACAAAGTGTTTCGATCCCAAC-1,Recurrent,2.168489626228696
TR_06_GGAGCGAAGCGAAGTTATCCCAAC-1,Recurrent,1.4166737900146096
TR_06_GGCAATAGTCAACTACATCCCAAC-1,Recurrent,2.0530640338064092
TR_06_GGCACGTAGTGATTTCATCCCAAC-1,Recurrent,1.8374989781987776
TR_06_GGCCTATTCATGACCCATCCCAAC-1,Recurrent,0.7016771971081113
TR_06_GGCGCAAGTCCATTAAATCCCAAC-1,Recurrent,2.065091905315371
TR_06_GGCTAATAGCAAATTGATCCCAAC-1,Recurrent,1.1238900206930742
TR_06_GGCTATTGTCGCAACCATCCCAAC-1,Recurrent,1.887429761604719
TR_06_GGGAAGTAGCGGGACTATCCCAAC-1,Recurrent,2.3339481743097994
TR_06_GGTTTAAAGTGAGGAAATCCCAAC-1,Recurrent,2.0385675176318236
TR_06_GTATGGGTCAGTAGGTATCCCAAC-1,Recurrent,1.5219225567763595
TR_06_GTCACACTCTCAGCTAATCCCAAC-1,Recurrent,1.73586502564015
TR_06_GTCATTGTCATTTGCGATCCCAAC-1,Recurrent,2.233173806196084
TR_06_GTGAAACTCAAGGTCGATCCCAAC-1,Recurrent,2.3330449064325123
TR_06_GTTCGGGCAACAGCACATCCCAAC-1,Recurrent,1.720627411451777
TR_06_GTTTCACCAGAGGCTTATCCCAAC-1,Recurrent,2.186987887433736
TR_06_TAAACGGGTACGTTCGATCCCAAC-1,Recurrent,0.7689854152598093
TR_06_TAACCTGTCCCTCTCAATCCCAAC-1,Recurrent,1.4215400493420942
TR_06_TAACTGTTCAAGGTCGATCCCAAC-1,Recurrent,2.1238846569972436
TR_06_TAAGCTAAGCTATCGCATCCCAAC-1,Recurrent,2.187469977797466
TR_06_TACCGAACAATATGGTATCCCAAC-1,Recurrent,1.228227834560903
TR_06_TACGGACCATTTATCGATCCCAAC-1,Recurrent,1.3963940889636088
TR_06_TAGGTTAAGCTAGATAATCCCAAC-1,Recurrent,1.5166083638931753
TR_06_TAGTCTCCACATTGAGATCCCAAC-1,Recurrent,1.2976907159772122
TR_06_TAGTTGAAGGTCTTGCATCCCAAC-1,Recurrent,2.273848847971666
TR_06_TATCTTGCACCTAAAGATCCCAAC-1,Recurrent,1.4079388602131113
TR_06_TATTACCAGCCCTTGGATCCCAAC-1,Recurrent,2.371409268789404
TR_06_TATTGCCCAATAACCGATCCCAAC-1,Recurrent,2.4539285015416192
TR_06_TATTGGGCATGACCAAATCCCAAC-1,Recurrent,1.6401577215944343
TR_06_TCAAGTTTCGCTCAGTATCCCAAC-1,Recurrent,0.9835490056581604
TR_06_TCAGGCAAGGCGCAGTATCCCAAC-1,Recurrent,0.8467138259577498
TR_06_TCAGGGATCGAACCTCATCCCAAC-1,Recurrent,0.5782456758499944
TR_06_TCATGGTGTTTGTAGCATCCCAAC-1,Recurrent,2.1311223712216694
TR_06_TCGAACCTCGTCCATAATCCCAAC-1,Recurrent,1.4100842433923702
TR_06_TCGATATTCCATCCGGATCCCAAC-1,Recurrent,1.9560616747116646
TR_06_TCGGCTAGTCACTATAATCCCAAC-1,Recurrent,1.173264412281743
TR_06_TCGTTATAGTTACATCATCCCAAC-1,Recurrent,2.0035929695434045
TR_06_TCGTTCGCATGCGCCTATCCCAAC-1,Recurrent,2.0304589464063594
TR_06_TCTAACTAGGATTAGCATCCCAAC-1,Recurrent,2.2999119126298075
TR_06_TCTAACTAGGCAATCGATCCCAAC-1,Recurrent,0.9730992381425058
TR_06_TCTATGAGTTAGCTCGATCCCAAC-1,Recurrent,1.2265782631606834
TR_06_TCTGTAAGTCCTTCGTATCCCAAC-1,Recurrent,1.830774109336649
TR_06_TCTGTGATCCTCACGGATCCCAAC-1,Recurrent,2.150715480831454
TR_06_TGACATAAGTTGCAAAATCCCAAC-1,Recurrent,2.1319513435526973
TR_06_TGACTATTCCCGTTCCATCCCAAC-1,Recurrent,1.5774946806641432
TR_06_TGAGCGGGTTGCGCTAATCCCAAC-1,Recurrent,2.3086021827992718
TR_06_TGCAGGATCAATGTGAATCCCAAC-1,Recurrent,2.076913234832274
TR_06_TGCAGGATCACTATACATCCCAAC-1,Recurrent,1.432356270706359
TR_06_TGCCCATAGTCTAATCATCCCAAC-1,Recurrent,0.6771629147259116
TR_06_TGCCCATAGTTAGGGTATCCCAAC-1,Recurrent,1.804774224937098
TR_06_TGGTGAAGTGGCGTAGATCCCAAC-1,Recurrent,1.594583566823144
TR_06_TGTAACTTCTTTGGATATCCCAAC-1,Recurrent,1.6719779842071638
TR_06_TGTAAGTCAAAGAACAATCCCAAC-1,Recurrent,0.8036809608814909
TR_06_TGTACCGGTCTCACTCATCCCAAC-1,Recurrent,2.053138313076631
TR_06_TGTACCGGTGAACGGTATCCCAAC-1,Recurrent,2.1141187383354336
TR_06_TGTCCAGGTGAACGGTATCCCAAC-1,Recurrent,1.3977956027901033
TR_06_TGTTGTCCACGGTACGATCCCAAC-1,Recurrent,2.1428778629286693
TR_06_TGTTTCGAGTTTCACGATCCCAAC-1,Recurrent,1.729482382842084
TR_06_TTAAGGATCGACTCACATCCCAAC-1,Recurrent,0.5016008524357345
TR_06_TTACCATAGTGATTTCATCCCAAC-1,Recurrent,1.280929844161531
TR_06_TTAGTCGTCGAACCTCATCCCAAC-1,Recurrent,1.5911261221687139
TR_06_TTCCTCGTCGCAGCAAATCCCAAC-1,Recurrent,1.2589673556548706
TR_06_TTCGCCACAACCATTCATCCCAAC-1,Recurrent,1.5440226818203806
TR_06_TTCTATCGTCTCACTCATCCCAAC-1,Recurrent,1.9067783046081974
TR_06_TTGAATCTCCAACATTATCCCAAC-1,Recurrent,1.0395022169094161
TR_06_TTGTGATTCACACAAAATCCCAAC-1,Recurrent,0.807703248804202
TR_06_TTGTTGTAGAAGCAAGATCCCAAC-1,Recurrent,1.702479256748958
TR_06_TTTACTGCAATACCCTATCCCAAC-1,Recurrent,2.453536374834112
TR_07_AACCATAAGCGCTACTAAGTAGAG-1,Recurrent,2.114175882300299
TR_07_AACGGTTAGTAACGGTAAGTAGAG-1,Recurrent,2.508229496056803
TR_07_AAGCATGGTAATGGTGAAGTAGAG-1,Recurrent,1.5307437113323856
TR_07_AATATGGTCTGCAACCAAGTAGAG-1,Recurrent,2.363352574480488
TR_07_AATCCGTGTAAAGCGCAAGTAGAG-1,Recurrent,2.207562371136503
TR_07_ACATACTTCGCTTCGGAAGTAGAG-1,Recurrent,1.6374032301731394
TR_07_ACCGGTAAGATTCGTTAAGTAGAG-1,Recurrent,2.5858058144453953
TR_07_ACGATTGCAAAGTGCCAAGTAGAG-1,Recurrent,2.03867252814293
TR_07_AGATGCCCAACCGGATAAGTAGAG-1,Recurrent,0.5721346651264145
TR_07_AGGGTTAGTTCTTGAAAAGTAGAG-1,Recurrent,1.8657939043959337
TR_07_AGTTAGGGTGCGCAAGAAGTAGAG-1,Recurrent,1.968667701860425
TR_07_ATAGCAGGTACACCCAAAGTAGAG-1,Recurrent,1.7251058081370765
TR_07_CAAATCCGTTGAATCCAAGTAGAG-1,Recurrent,2.0089203019928705
TR_07_CACCCATAGAGCAATCAAGTAGAG-1,Recurrent,1.542495346969301
TR_07_CAGTGAAGTAGCTATCAAGTAGAG-1,Recurrent,1.5192237090821754
TR_07_CATAGCCTCTTCGCTTAAGTAGAG-1,Recurrent,1.5417279596503994
TR_07_CATTTAGGTATGGGACAAGTAGAG-1,Recurrent,1.4884098158686976
TR_07_CCGTCAAGTAACGTGAAAGTAGAG-1,Recurrent,1.9431160086860924
TR_07_CCTCAAATCATGCGGAAAGTAGAG-1,Recurrent,2.5377205574031647
TR_07_CCTCAAGGTGCTTCGAAAGTAGAG-1,Recurrent,1.88676348754325
TR_07_CGGGTTGCATGACCAAAAGTAGAG-1,Recurrent,2.436264347657422
TR_07_CGTAAACAGAGGTTCGAAGTAGAG-1,Recurrent,2.177424468497217
TR_07_CTCTAACCAAACAAGAAAGTAGAG-1,Recurrent,1.8287828279138247
TR_07_CTGAGTCTCACATTACAAGTAGAG-1,Recurrent,1.4701915882885013
TR_07_GACCTGAAGGTAACTAAAGTAGAG-1,Recurrent,2.8812958955677077
TR_07_GACCTGAAGTTTCGGCAAGTAGAG-1,Recurrent,1.4285885380930443
TR_07_GACTAAGGTTGCCTGAAAGTAGAG-1,Recurrent,1.5494567599240383
TR_07_GAGCTTGAGAGAGCAAAAGTAGAG-1,Recurrent,1.9959351924900897
TR_07_GATGCAAGTGTTAGTCAAGTAGAG-1,Recurrent,1.719928551685184
TR_07_GCACTAACACCGGTAGAAGTAGAG-1,Recurrent,1.9405527869671229
TR_07_GCCCAGTGTTTCACCCAAGTAGAG-1,Recurrent,2.2004269102695515
TR_07_GGAATAACACTATGGAAAGTAGAG-1,Recurrent,0.9129448503397676
TR_07_GTAATGGGTACTAACCAAGTAGAG-1,Recurrent,2.4204565634636905
TR_07_TAAAGCCAGTTTCAGTAAGTAGAG-1,Recurrent,1.9434174468300278
TR_07_TAACCGCTCACTCGCGAAGTAGAG-1,Recurrent,1.563476020358661
TR_07_TAATGCGCAACCGGATAAGTAGAG-1,Recurrent,1.825764126915603
TR_07_TAGAAACGTCCACAATAAGTAGAG-1,Recurrent,1.7013385706690551
TR_07_TAGTTTCAGCTTCTAGAAGTAGAG-1,Recurrent,1.5108231781187706
TR_07_TCACGTTCAATGAATCAAGTAGAG-1,Recurrent,1.8893816840685045
TR_07_TCAGGTTGTTTCCTCAAAGTAGAG-1,Recurrent,1.9405310927129245
TR_07_TCCACTAAGTATCGCCAAGTAGAG-1,Recurrent,2.1441163655763242
TR_07_TCCTTGAAGTTGCGCTAAGTAGAG-1,Recurrent,1.9625430911063901
TR_07_TCGAAGTAGGTTAGTAAAGTAGAG-1,Recurrent,2.0611855856078902
TR_07_TGACTATTCGACCGTTAAGTAGAG-1,Recurrent,2.241952206372037
TR_07_TGCAGGATCCAGCTTAAAGTAGAG-1,Recurrent,2.222663814938625
TR_07_TGGGTCCGTGAACCAAAAGTAGAG-1,Recurrent,1.1011105122634697
TR_07_TGGTTACGTAACCCATAAGTAGAG-1,Recurrent,2.0513930248046863
TR_07_TGTAATGAGACGCATGAAGTAGAG-1,Recurrent,1.9889554326140966
TR_07_TGTTGAGCATACCTTAAAGTAGAG-1,Recurrent,1.8543785499929526
TR_07_TTCGCCTGTGACCTTGAAGTAGAG-1,Recurrent,1.949653559848312
TR_07_TTGCGCTAGTTATCCGAAGTAGAG-1,Recurrent,1.9860623789094627
TR_07_TTGTGGACATTAGTGGAAGTAGAG-1,Recurrent,1.909697111820161
