geneset,Astrocyte R,Astrocyte TE/NT,Ependymal,Neopl-ACR,Neopl-Bulk,Neopl-CC-I,Neopl-CC-II,Neopl-CC-III,Neopl-COP,Neopl-ECM,Neopl-NC,Neopl-OPC,Neopl-RNA-low,Neural,OPC/COP/OLG
Cahoy_JNeurosci_2008_oligodendrocyte,-0.8161947139657755,-1.0600180139671376,-1.2099343243823426,-0.2763304483512664,-0.07160335870603926,-0.22029216923332381,-0.3570684690234098,-0.29290938492811786,1.6339542971699297,0.05328104293071727,-0.6843556095297469,0.2529174028317611,-0.3551411428624679,-0.7316279436574488,2.10412822065118
Cahoy_JNeurosci_2013_OL_myel,0.13225359689977767,0.06924081381557244,-0.09671858634743194,0.1626952189457394,-0.27618762179003853,-0.4400704057222942,-0.4870115883590018,-0.4446340670393486,0.8949602732129703,-0.19283156057795142,-0.23004595493580263,-0.3011933994598874,-0.27022655642780335,-0.16488187117021608,2.045987973618506
Cahoy_JNeurosci_2014_MOG_pos,0.42125934710973284,0.28025608680204656,0.12061833536974258,0.2093919814025627,-0.28508929518121096,-0.42764928036440275,-0.4238348482426034,-0.4269270674873584,-0.1028797749575124,-0.23054534659535939,-0.1879932676689674,-0.33542675476775446,-0.37928049177537365,-0.2127276132073523,2.004356179711373
Richards_Developmental_2021,-0.5060449649588982,0.3499635154242634,-1.3682559856600185,-0.3697476941083261,0.20656323926121375,-0.28265509147880163,-0.7004917456218116,-0.843351804781178,0.5403596336565298,-0.4152991082707182,0.4579030018274464,1.3752877229850038,-0.5036171036024665,0.695605909812861,0.6463631765455335
Nowakowski_Science_2017_EN-PFC1_upreg,-0.789961351715272,-0.43086331644889597,-1.2400770863551656,-0.3004287684359355,0.15688378742474335,-0.32301923980398317,-0.7063555305899283,-0.8039466560103953,0.5073599079998475,-0.37332812694518774,1.6500164242317912,0.9529157035327446,-0.2302107531848374,1.8086140453039592,1.136077567015904
Nowakowski_Science_2017_IN-CTX-CGE2_upreg,-0.7358830392562412,-0.37640042998048057,-1.373471547425124,-0.26687124613105717,0.005251558759418173,-0.14147246862750482,-0.29428661501108255,-0.2634308257942953,0.10161812904619197,-0.1344975760292736,0.31434455597507616,0.6078136570857756,-0.2318426153685461,3.0005927816584608,0.20043869680104576
Nowakowski_Science_2017_IN-CTX-MGE2_upreg,-1.1659722599953009,-0.8623596781566715,-1.6208346542633747,-0.235644765346943,0.10003339693733118,-0.1340953921019026,-0.323911253558356,-0.31101710030269614,0.6279118463047958,-0.14507991254485011,-0.24673323062145675,0.7214229485651683,-0.3319328753424507,2.3476056067582234,0.6497287777684244
Nowakowski_Science_2017_nEN-early2_upreg,-0.6962685938163334,-0.7120690253781354,-1.0232390229037727,-0.2711248053422656,0.2405264145196306,-0.21847240444913138,-0.5552264629876023,-0.4994197257958415,0.47389724923463705,-0.3666141816048256,1.0365594039471508,0.8109022061557708,-0.16117751562269714,3.1596394863703687,0.23568482119749834
Nowakowski_Science_2017_EN-PFC2_upreg,-1.2423202186177666,-1.6539650273741227,-2.061816169944336,-0.463643931578969,0.5398238682656415,0.16210362958749716,-0.3699026420013636,-0.22896445403643878,0.23514327924368725,0.041438072212097915,0.7658168271962325,0.44157178840754274,-0.48545285922496323,1.5569000007811908,0.2889984232372599
Nowakowski_Science_2017_EN-V1-1_upreg,-1.0102192727578223,-0.8617498017797669,-1.6612505443883447,-0.4671193621943107,0.45506195480518363,0.004919983929059894,-0.5480664270426213,-0.6286814317366218,0.3523467182905761,-0.21903135912566546,1.5648515300096268,0.7408864533281055,-0.3851802941625542,2.267463493860648,0.2004249738242192
Cahoy_JNeurosci_2008_astrocyte,2.344196682901436,2.4521864935002933,0.5055981422132677,1.0820539695713012,-0.15405795039558492,-0.4229647046528189,-0.4389674827656446,-0.4554442970648947,-0.633584571605055,-0.12855689491886937,-0.6041271246054455,0.039777362126996,-0.5524135527173043,-0.842353578228786,-0.4642440298184135
Cahoy_JNeurosci_2011_astro_mature,1.4218621157598204,2.490917879880265,0.31066038649707395,0.31039076642066,-0.3621768039892566,-0.6293517569347659,-0.7343709853637322,-0.7349144821579846,0.09487952708396806,-0.2559269123133343,0.051021018310236206,-0.03523408256782898,-0.3139199250827699,-0.23483349136535553,0.6298212094367193
Cahoy_JNeurosci_2015_astro_in_vivo,0.9794669784645988,2.3053972754997933,-0.6713803227124526,0.24912602764725209,-0.19380802945161296,-0.5616049878695136,-0.779351137232168,-0.7866601514995059,0.13084000206289215,-0.3940598549833885,-0.12905881232841793,0.507046776298673,-0.5570820604983917,-0.2081431687808272,0.499277993414752
Verhaak_CancerCell_2010_Classical,2.011735541648182,2.087935986263935,0.4860658600996808,0.523987230133246,-0.020156550001381918,-0.3012660435891348,-0.5006253657477041,-0.5518784279679027,-0.5372364124448846,-0.40114017524127143,-0.25542358122071773,-0.16718915145270966,-0.4765256635904737,-0.5976850294275019,-0.2368569580769339
Verhaak_CancerCell_2010_Neural,0.06082644820001648,0.9531262633122071,-1.080384569270788,-0.22063283985389726,-0.15701745580993606,-0.41695323267942463,-0.6249085822259011,-0.44768115654554863,0.8051545850891778,0.282473557183868,-0.07317997497055174,0.14284138732726542,-0.42462219256819583,-0.6750118534888266,0.932126378933722
Richards_Developmental_2021_short,0.04178882392014556,0.756806925790123,-1.5091841008485654,-0.5358151094717026,0.24076900847873015,-0.12306353964292142,-0.5689173674844564,-0.7234353590677591,0.0821058758448403,-0.28386939830255303,0.3358553755488327,1.3761690182285966,-0.7166330675263768,-0.1373185749681549,0.15183204941189377
Neftel_Cell_2019_AC,2.2376525173613007,1.6244448087007366,0.45059962346918797,1.3084347770988338,0.017356220685842753,-0.18965669990942724,-0.29934054807816063,-0.4175805602870397,-0.5118081355667184,0.3375911025847181,-0.8643979868991654,0.6068526321357673,-1.0722055630469822,-1.6800394881870393,-0.44388769723210386
Zhong_Nature_2018_Astrocytes_upreg,2.265672346437694,2.001874924943934,0.10366611225168121,1.0331634115446204,-0.012452116801693612,-0.2997169489858632,-0.47023301061442185,-0.5038418296827921,-0.441782395817922,0.012916272287004989,-0.9970992347374645,0.3755105485554079,-1.0065525058782996,-1.6940333816469229,-0.15624430915220625
Nowakowski_Science_2017_MGE-RG1_upreg,2.1311460057520084,1.476125401033752,0.7424787947811158,1.5597114695906547,0.176249544710972,-0.28704449719637,-0.37935186287128875,-0.560893372382501,-0.8040373844072601,0.0999907917132916,-1.1301637878740631,0.23525350766224448,-0.9472253235320994,-1.5338458764518246,-0.3010073289879428
Nowakowski_Science_2017_oRG_upreg,2.2205052844338256,1.2520380698251283,0.26167220501784877,1.3256631574285287,0.19570276345297455,-0.29558467178452724,-0.6273512553276389,-0.6177037955310732,-0.33335145239274827,0.2889622517558995,-1.459482302168929,0.2630861722688043,-1.0826787087759224,-2.0896195055014943,0.17754557050909664
Neftel_Cell_2019_MES1,3.534014701774452,0.10074793776028917,1.3927850326640074,1.9642416416488633,0.1987949169652041,-0.17525963988095883,-0.22937354027211104,-0.02932550873048805,-0.6548617318555875,0.16051373927863238,-0.6020243733149708,-0.46915113218458293,-0.5734668105359156,-1.3503317488404427,-0.256277331082996
Nowakowski_Science_2017_Astrocyte_upreg,1.8437806961987993,1.690994988108294,-0.48605463312561514,0.8133884358003898,0.12430156743073228,-0.2576280245691088,-0.5109837502297603,-0.5530249771131177,-0.4769484102499759,0.020495312240772133,-1.1013560145922874,0.6747109200318385,-1.1775287957598803,-1.840003149640935,-0.05958698423408711
Nowakowski_Science_2017_vRG_upreg,1.9028814293763945,0.8088876163130729,-0.17271160277658587,1.515310351145908,0.4133067118743646,-0.1167277324864961,-0.415605062934027,-0.3973572936809222,-1.1184791455141385,0.3121636487553491,-1.4119669604003011,0.24758580759210455,-1.0672367321416347,-1.9068990463827247,-0.44406001057625255
Nowakowski_Science_2017_tRG_upreg,1.8113963035635332,0.53140822012754,0.07937628469940634,1.4225635436111832,0.4060337005130933,0.14101958836460207,-0.1774153474235953,-0.1862889268872913,-1.0132115830419055,0.5475603434375925,-1.6948689289696537,-0.1402100958407074,-0.941610088946561,-2.356667619803194,-0.668682019130985
Richards_InjuryResponse_2021,2.149381046349496,0.1093613262550208,0.5722516403925472,1.4755996856859392,0.1617082870359393,-0.22105498626428105,-0.6598369042969796,-0.06690228523334173,-0.26930263845727526,0.5881857015985598,-0.32404195685056103,-0.984415389884398,0.015915113205396476,-1.0668227152386387,0.0154388542408606
Liddelow_Nature_2017_A1_reactive_astrocytes,2.8932235550460477,-0.9381484829819619,-0.13399178983373802,2.030422057102754,0.4160065098217975,0.06889485045253096,0.05625267001379911,-0.026117456410307233,0.0721982537235217,0.2809027647847176,-0.05127992311122132,0.011120644575569502,-0.3025690325109753,-0.9752140873191683,-0.7135327756893802
Cahoy_JNeurosci_2016_cultured_astroglia,-0.02868687273178732,-2.1846345820797035,-0.07630360765503694,0.5579417836636849,0.21144280685979577,0.5207165756982863,0.9569665718861825,1.0345896478643564,-0.4116800350946419,0.3674298090692061,-0.40067534568582125,-0.6020547186320961,-0.17041035987449782,-0.3905840281327301,-0.6061955815690008
Cahoy_JNeurosci_2009_neuron,-1.137560050941425,-1.3284418292271587,-0.8242018052461516,-0.3305870468945847,0.4060054772090514,0.19822068987577088,-0.006950292484001764,-0.04088494176641381,-0.5642275948286856,-0.16607679069274747,2.7783465119172104,0.24664120026572792,0.33303692015148073,3.0379310000570077,-0.7773090875505415
Cahoy_JNeurosci_2010_astro_young,-0.8655743845216066,-1.9570359859372721,-1.5731236268213218,-0.02312833397383035,0.20826878596954831,0.73605460001787,1.2234832216011822,1.0649547005016147,-0.6102035058205026,0.23523302899079143,-0.6623127624775115,-0.1673170714753417,-0.3720808400651316,-0.1507911746217544,-0.9160386615605784
Cahoy_JNeurosci_2012_OPC,0.019548690976129237,-0.20880028627488373,-1.3363174508501672,0.07166468310711598,0.30257179398596723,0.3747680279554321,0.4495696260580843,0.27903355157732557,-0.8975486967668233,0.12462920094708332,0.047648441968066634,0.7972108896618431,-0.20207497754156345,0.0315948005132825,-1.5733500446437996
Neftel_Cell_2019_G1S,-0.45272807760659634,-0.5535166281579351,-0.5420185537794605,-0.4516995092852708,-0.42919947194395885,1.473313256113832,2.1644001298679276,0.22598362100215758,-0.541202486971802,-0.04187589561109153,-0.21517977724284876,-0.4870430114322586,0.0515742600137751,-0.19851906219209958,-0.5403129336379472
Neftel_Cell_2019_G2M,-0.35103142851347974,-0.4197182080174203,-0.27696441903012375,-0.4220060126472871,-0.43193299861610135,-0.2560199139137435,0.9564516710759932,1.8976617555031698,-0.41446612083043877,-0.32834744116494097,-0.4222299433501946,-0.4419615397680768,-0.292574428931221,-0.2652605378237735,-0.44775600575654595
Neftel_Cell_2019_NPC1,-1.2393213756680166,-1.6870756236800877,-2.0078263390169533,-0.6135285939256916,0.46428523369049124,0.3634603381552594,0.17782342270057916,0.10492895363374731,0.5158788933166938,0.3613977890780257,-0.6928709026371639,0.7736094531143897,-0.653644377316637,0.7877590986894043,-0.3555298315756662
Nowakowski_Science_2017_EN-V1-2_upreg,-1.245587699411395,-1.6922453699980462,-2.2789235565120123,-0.41081961747663504,0.6349284315745906,0.33084042625802995,-0.2628446511067365,-0.14741697861486747,-0.016893977870501804,0.014175346609574941,0.46663630856231336,0.2604436127184898,-0.45773557051783853,1.49232695852203,-0.07961551603382888
Nowakowski_Science_2017_IN-CTX-MGE1_upreg,-1.4516685867300403,-1.399705970000677,-1.8106151539606357,-0.5064566481184231,0.3252964247492733,0.3133868100132648,0.18234468365137607,0.16501568188465685,-0.06553182866462158,0.13641784797359396,-0.8364684233517731,0.18719964248215698,-0.3047006663873495,2.153252587521639,-0.41464193004639566
Nowakowski_Science_2017_IPC-div1_upreg,-1.0189048611433642,-1.1453287781067798,-0.829315047460552,-0.6501280854172079,-0.2219601522792513,0.36062748707924774,1.4481893161669201,1.5962631730627481,-0.5436531692897772,-0.11611532127484284,-0.8413802376872849,-0.49210518961202254,-0.2253934476067582,0.028853964340040623,-0.7928937621582772
Nowakowski_Science_2017_IPC-div2_upreg,-0.8968686327679988,-0.9982182200031018,-0.8018747654459955,-0.699838188676413,-0.24443454144794147,0.7964261021712624,1.8100005342156278,1.2450270257062404,-0.7475422303051305,0.03541213468494879,-0.9138020660870144,-0.644732447481436,-0.08513606802226097,-0.2512083840412335,-0.9651936236875609
