niche_name,cell_type,mw,z
Tumor: Proneural (OPC),Astrocyte R,0.048456836101468934,-0.3580919686379071
Tumor: Proneural (OPC),Astrocyte TE-NT,0.024262771637055928,-0.5065922320616095
Tumor: Proneural (OPC),Choroid,5.630911789937104e-4,-0.3177201591739816
Tumor: Proneural (OPC),Ependymal,0.003129990886478328,-0.6424340988213125
Tumor: Proneural (OPC),Immune-other,0.0017590101100173252,-1.015385803923686
Tumor: Proneural (OPC),Myeloid,0.014429051592771285,-0.6070184744550304
Tumor: Proneural (OPC),Neopl-ACR,0.008720507977372801,-0.6288327568538069
Tumor: Proneural (OPC),Neopl-Bulk,0.10552265219761989,-0.13838392841340738
Tumor: Proneural (OPC),Neopl-COP,0.030000771575359197,0.8333684749508132
Tumor: Proneural (OPC),Neopl-ECM,0.017533626147214734,-0.29060231243298207
Tumor: Proneural (OPC),Neopl-OPC,0.622379064244005,2.4870784646973236
Tumor: Proneural (OPC),Neuron,0.07805504801098961,-0.6579117769929205
Tumor: Proneural (OPC),OPC-COP-OLG,0.027236070217935136,-0.5747631162862193
Tumor: Proneural (OPC),Vascular,0.017951508122718212,-0.9316096612067277
Tumor: OPC/Bulk,Astrocyte R,0.04403567568729161,-0.4262344203311966
Tumor: OPC/Bulk,Astrocyte TE-NT,0.0064260898878602405,-0.737686756839875
Tumor: OPC/Bulk,Choroid,0.00230096029967144,-0.3094067813757926
Tumor: OPC/Bulk,Ependymal,0.003302531773775586,-0.6346191024690845
Tumor: OPC/Bulk,Immune-other,0.0023517885609142565,-0.7552315743260906
Tumor: OPC/Bulk,Myeloid,0.02179158222308915,-0.2773287097321634
Tumor: OPC/Bulk,Neopl-ACR,0.022586706788762494,0.5860057648017394
Tumor: OPC/Bulk,Neopl-Bulk,0.3072684852841232,0.8130186344070668
Tumor: OPC/Bulk,Neopl-COP,0.025691175394817498,0.4214486062743972
Tumor: OPC/Bulk,Neopl-ECM,0.060165515994656735,1.9766583145624592
Tumor: OPC/Bulk,Neopl-OPC,0.4287678405933332,1.4983048548423534
Tumor: OPC/Bulk,Neuron,0.02095296627779297,-0.8930173094493951
Tumor: OPC/Bulk,OPC-COP-OLG,0.03176343091731952,-0.5525855322680872
Tumor: OPC/Bulk,Vascular,0.022595250316592045,-0.6885088118239292
Tumor: Bulk/OPC (reactive),Astrocyte R,0.11153944599341993,0.6141875450084592
Tumor: Bulk/OPC (reactive),Astrocyte TE-NT,0.010539752755437658,-0.6843895696809648
Tumor: Bulk/OPC (reactive),Choroid,0.0020907366826619193,-0.31041242002228653
Tumor: Bulk/OPC (reactive),Ependymal,0.006215140063171837,-0.5026966143350949
Tumor: Bulk/OPC (reactive),Immune-other,0.005604108684285386,0.6721226670774801
Tumor: Bulk/OPC (reactive),Myeloid,0.03957873181766423,0.5191693232645044
Tumor: Bulk/OPC (reactive),Neopl-ACR,0.040984020608894306,2.1978220835843594
Tumor: Bulk/OPC (reactive),Neopl-Bulk,0.25935482932345866,0.587065144425794
Tumor: Bulk/OPC (reactive),Neopl-COP,0.037065608229972236,1.5086397683792245
Tumor: Bulk/OPC (reactive),Neopl-ECM,0.05761052304804122,1.8407779927929564
Tumor: Bulk/OPC (reactive),Neopl-OPC,0.21855960455363924,0.42477020922062086
Tumor: Bulk/OPC (reactive),Neuron,0.10226687918070447,-0.558224772839571
Tumor: Bulk/OPC (reactive),OPC-COP-OLG,0.07092267149405744,-0.3607613314495064
Tumor: Bulk/OPC (reactive),Vascular,0.03766794756459158,0.1005499581293991
Tumor: Bulk,Astrocyte R,0.030317336276614853,-0.6376724124037224
Tumor: Bulk,Astrocyte TE-NT,0.0029190274263240458,-0.7831247449316312
Tumor: Bulk,Choroid,7.392385562704451e-4,-0.31687752972735755
Tumor: Bulk,Ependymal,0.0016123012855897617,-0.7111757106244582
Tumor: Bulk,Immune-other,0.00502587416973369,0.4183513728741894
Tumor: Bulk,Myeloid,0.02486275957629469,-0.13980320527707127
Tumor: Bulk,Neopl-ACR,0.011301375644176251,-0.40271906098261134
Tumor: Bulk,Neopl-Bulk,0.727611393525279,2.7952916461751656
Tumor: Bulk,Neopl-COP,0.006570948790857148,-1.406101099502603
Tumor: Bulk,Neopl-ECM,0.017337654391091348,-0.30102453505205196
Tumor: Bulk,Neopl-OPC,0.06839484590050311,-0.3421220591447654
Tumor: Bulk,Neuron,0.06400875614646429,-0.715744360807959
Tumor: Bulk,OPC-COP-OLG,0.01875372731909068,-0.6163144493477337
Tumor: Bulk,Vascular,0.020544760991710802,-0.795852345490935
Tumor margin (neuronal / reactive-astro),Astrocyte R,0.1354484331246543,0.9826919302827892
Tumor margin (neuronal / reactive-astro),Astrocyte TE-NT,0.0457491577228577,-0.22821163125705674
Tumor margin (neuronal / reactive-astro),Choroid,0.003991948892782876,-0.3013176641576438
Tumor margin (neuronal / reactive-astro),Ependymal,0.008998802029433883,-0.37661456820133055
Tumor margin (neuronal / reactive-astro),Immune-other,0.005794053561081215,0.7554842720988155
Tumor margin (neuronal / reactive-astro),Myeloid,0.0460667426204719,0.8096986076234519
Tumor margin (neuronal / reactive-astro),Neopl-ACR,0.014882903664285707,-0.08893600735699951
Tumor margin (neuronal / reactive-astro),Neopl-Bulk,0.07345320255207521,-0.28961855920714996
Tumor margin (neuronal / reactive-astro),Neopl-COP,0.020803190124810612,-0.04575485459845177
Tumor margin (neuronal / reactive-astro),Neopl-ECM,0.025754214070074034,0.1465872044978856
Tumor margin (neuronal / reactive-astro),Neopl-OPC,0.11183574954428442,-0.12026911952013357
Tumor margin (neuronal / reactive-astro),Neuron,0.40813165077987973,0.7011075983075303
Tumor margin (neuronal / reactive-astro),OPC-COP-OLG,0.06230485455080654,-0.4029762933229483
Tumor margin (neuronal / reactive-astro),Vascular,0.03678509676250183,0.054332538878726744
Reactive-astro / immune,Astrocyte R,0.24265313390555876,2.635016311192108
Reactive-astro / immune,Astrocyte TE-NT,0.036858364512783244,-0.34340198228053875
Reactive-astro / immune,Choroid,0.004745938125497897,-0.297710834809711
Reactive-astro / immune,Ependymal,0.028162694408738545,0.49138693210818324
Reactive-astro / immune,Immune-other,0.009858542648828647,2.5392772317295638
Reactive-astro / immune,Myeloid,0.0885988863470266,2.7142628345788773
Reactive-astro / immune,Neopl-ACR,0.03393479831616679,1.5802291220667284
Reactive-astro / immune,Neopl-Bulk,0.0643318999049174,-0.3326332305983861
Reactive-astro / immune,Neopl-COP,0.0368447172494435,1.4875265642924869
Reactive-astro / immune,Neopl-ECM,0.036358868079430715,0.7105667649715905
Reactive-astro / immune,Neopl-OPC,0.03891656153409305,-0.4926678234641754
Reactive-astro / immune,Neuron,0.10481854451477153,-0.5477188399767449
Reactive-astro / immune,OPC-COP-OLG,0.19825842534385463,0.2630015111930262
Reactive-astro / immune,Vascular,0.07565862510888875,2.089369663028283
Peritumoral parenchyma,Astrocyte R,0.03537570839289853,-0.5597087455629476
Peritumoral parenchyma,Astrocyte TE-NT,0.11496872953188067,0.6686067499579641
Peritumoral parenchyma,Choroid,0.012118760351257852,-0.26244174816081306
Peritumoral parenchyma,Ependymal,0.009347712517782906,-0.36081115930263863
Peritumoral parenchyma,Immune-other,0.0024832161292183117,-0.6975516135780373
Peritumoral parenchyma,Myeloid,0.014059221615342496,-0.6235792419911101
Peritumoral parenchyma,Neopl-ACR,0.008222241900234725,-0.6724865968697401
Peritumoral parenchyma,Neopl-Bulk,0.01565625442866138,-0.5621801468570938
Peritumoral parenchyma,Neopl-COP,0.017921527476670026,-0.3211899649578175
Peritumoral parenchyma,Neopl-ECM,0.01385993985829094,-0.48597728428189446
Peritumoral parenchyma,Neopl-OPC,0.03702471184009677,-0.5023295105087799
Peritumoral parenchyma,Neuron,0.5802651471372761,1.4098302242844585
Peritumoral parenchyma,OPC-COP-OLG,0.11123659006486106,-0.16328086201712552
Peritumoral parenchyma,Vascular,0.027460238755528197,-0.43382567646316245
Parenchyma,Astrocyte R,0.018200471040649455,-0.8244272067713251
Parenchyma,Astrocyte TE-NT,0.07579443795180431,0.1610591901865857
Parenchyma,Choroid,0.011102637653797166,-0.2673025353011077
Parenchyma,Ependymal,0.006780219315291538,-0.4771021458980167
Parenchyma,Immune-other,0.0019365256432878788,-0.937479097413471
Parenchyma,Myeloid,0.007576851370585814,-0.9138559454984306
Parenchyma,Neopl-ACR,0.0036139622328312014,-1.0762249057367206
Parenchyma,Neopl-Bulk,0.011144917625119129,-0.5834549228015173
Parenchyma,Neopl-COP,0.01153773653746439,-0.9313655394601944
Parenchyma,Neopl-ECM,0.010607626390503463,-0.6589426934755476
Parenchyma,Neopl-OPC,0.033278353902087776,-0.5214621816025672
Parenchyma,Neuron,0.7451999416460143,2.0889137446499313
Parenchyma,OPC-COP-OLG,0.04776547578314274,-0.4741984281608369
Parenchyma,Vascular,0.015460842907421031,-1.0619964923632264
White matter,Astrocyte R,0.06127413788454679,-0.16054148736811225
White matter,Astrocyte TE-NT,0.10697442400786164,0.5650314178427994
White matter,Choroid,0.010441278225331464,-0.2704662550103834
White matter,Ependymal,0.010246050614938811,-0.32012220109503614
White matter,Immune-other,0.002869387899670205,-0.5280713983606324
White matter,Myeloid,0.02080350380580504,-0.3215742765459312
White matter,Neopl-ACR,0.011119372035734485,-0.418664670707589
White matter,Neopl-Bulk,0.01465781644048315,-0.5668886280496782
White matter,Neopl-COP,0.019973285114917947,-0.12507884421780327
White matter,Neopl-ECM,0.012643434914085606,-0.5506737772689989
White matter,Neopl-OPC,0.016303673900046545,-0.608151967996534
White matter,Neuron,0.34543713421812894,0.44297641900618795
White matter,OPC-COP-OLG,0.333679356651313,0.9263701449962172
White matter,Vascular,0.03357714428713655,-0.11360442639246357
Oligodendrocyte,Astrocyte R,0.06286877502137472,-0.13596366754592817
Oligodendrocyte,Astrocyte TE-NT,0.04524290130434532,-0.23477075969232977
Oligodendrocyte,Choroid,0.012909886037578608,-0.2586572705853837
Oligodendrocyte,Ependymal,0.01710923824219989,-0.009263788855066098
Oligodendrocyte,Immune-other,0.003797335640098522,-0.12082054578209749
Oligodendrocyte,Myeloid,0.02708165945598281,-0.04044218173639352
Oligodendrocyte,Neopl-ACR,0.00689535475204286,-0.7887371745110393
Oligodendrocyte,Neopl-Bulk,0.011473874208895014,-0.5819036137505549
Oligodendrocyte,Neopl-COP,0.01627582489589012,-0.4784895268091297
Oligodendrocyte,Neopl-ECM,0.0035592010815210786,-1.0337939431517993
Oligodendrocyte,Neopl-OPC,0.002758989906722326,-0.677324745451771
Oligodendrocyte,Neuron,0.04144758080813001,-0.808635144817315
Oligodendrocyte,OPC-COP-OLG,0.7248696920953435,2.842642584382596
Oligodendrocyte,Vascular,0.02370968654987529,-0.630167848096113
Homeostatic astrocyte (TE-NT),Astrocyte R,0.061107126593449725,-0.16311559863521796
Homeostatic astrocyte (TE-NT),Astrocyte TE-NT,0.2772661835247371,2.771355093544507
Homeostatic astrocyte (TE-NT),Choroid,0.012155147054801838,-0.262267686483905
Homeostatic astrocyte (TE-NT),Ependymal,0.03273161627432829,0.6983298096632456
Homeostatic astrocyte (TE-NT),Immune-other,0.004016430281030904,-0.024665907511287354
Homeostatic astrocyte (TE-NT),Myeloid,0.023943864075733245,-0.18095080202016622
Homeostatic astrocyte (TE-NT),Neopl-ACR,0.01878247616596967,0.25271140138656384
Homeostatic astrocyte (TE-NT),Neopl-Bulk,0.017070821509916637,-0.5555092643620354
Homeostatic astrocyte (TE-NT),Neopl-COP,0.02681142760866694,0.5285245654783806
Homeostatic astrocyte (TE-NT),Neopl-ECM,0.013075761879846654,-0.5276816483494022
Homeostatic astrocyte (TE-NT),Neopl-OPC,0.03349605650060841,-0.5203503732055372
Homeostatic astrocyte (TE-NT),Neuron,0.33979532992540074,0.4197475040175078
Homeostatic astrocyte (TE-NT),OPC-COP-OLG,0.0825026296803615,-0.3040361194207547
Homeostatic astrocyte (TE-NT),Vascular,0.05724512892514844,1.1254193885536343
Choroid/ventricle,Astrocyte R,0.009005964377864235,-0.9661402792269993
Choroid/ventricle,Astrocyte TE-NT,0.013358092031413667,-0.6478747747878526
Choroid/ventricle,Choroid,0.7306107675602671,3.1745808848083663
Choroid/ventricle,Ependymal,0.08012889254243524,2.8451226478306086
Choroid/ventricle,Immune-other,0.0033753246732531666,-0.30602960288474707
Choroid/ventricle,Myeloid,0.007024767640861722,-0.9385779282105352
Choroid/ventricle,Neopl-ACR,0.009732538986837198,-0.5401671988208856
Choroid/ventricle,Neopl-Bulk,0.010859028780174555,-0.5848031309682031
Choroid/ventricle,Neopl-COP,0.005886436613529847,-1.4715281498293062
Choroid/ventricle,Neopl-ECM,0.0074683960985232395,-0.825894082812214
Choroid/ventricle,Neopl-OPC,0.012911513970453913,-0.6254757478660337
Choroid/ventricle,Neuron,0.023793193435044317,-0.8813232853817101
Choroid/ventricle,OPC-COP-OLG,0.025534554162994067,-0.583098108298627
Choroid/ventricle,Vascular,0.06031052912634771,1.2858937132465158
