signature,Nomura Cilia-like,Nomura GPC-like,Nomura NEU-like,Neopl-NC (ours),Neftel NPC2,Richards Developmental,Nomura NPC-like,Nomura Stress,Nomura MES-like,Nomura OPC-like,Neopl-OPC (ours),Neftel NPC1,Neopl-ECM (ours),Nomura Cell cycle,Neopl-CC/Bulk (ours),Richards Injury-Response,Neftel MES1,HALLMARK_HYPOXIA,Nomura Hypoxia,Neftel MES2,"Neopl-ACR (ours, refined)",Neopl-ACR (ours),Neftel AC,Nomura AC-like,Neftel OPC,Neopl-COP (ours)
Neopl-COP (ours),0.028893529357577098,0.05033598314205054,-0.1426843083101582,-0.155636563662257,-0.15662718718631496,0.07395419646540208,-0.023287630554250937,-0.07979013468491336,-0.12209241654107784,0.13500960922145322,0.27231156282208296,0.07513675841835046,0.2144433978008443,-0.08639561785785745,-0.17504582200419355,0.01162953155410185,0.07369420261594702,-0.001951629523005075,-0.060772194705945026,-0.1432631088252369,0.1291799397906531,0.1292586982954727,0.2286123245489833,0.08656925969789651,0.4321103285478922,NA
Neftel OPC,-0.02123493582019593,0.07576611686510433,-0.24814825589693104,-0.40435042390448955,-0.275784527756436,0.35093849350853384,-0.03944277647730685,-0.09198814537756053,-0.17254026444904005,0.47373633399930093,0.4950311673808289,0.3280978107964506,0.3281568160298655,0.028123897762859687,0.048803150817049855,-0.11535822512651688,-0.005646221576951707,-0.08233502357176857,-0.03919394479285806,-0.13042929782804774,0.12005424037690154,0.03663752954361565,0.40411104850816243,0.004863176098766093,NA,0.3908947443825335
Nomura AC-like,0.10156688704902216,0.1719226697768062,0.09328046726603317,0.16938023634403654,0.023802029443503556,-0.09839754190956483,0.09399663877668668,-0.04518902972928387,0.052305988581651024,-0.11123422116913857,-0.044363104762719756,-0.08678078084286212,-0.09634918927184749,-0.1521957970655017,-0.22512263074795238,0.032870713229474366,0.16322213484843867,0.1540269915859591,-0.02220076971574606,0.0015249172276000607,0.22740288809163728,0.38131939385434166,0.3696819785768063,NA,0.17606550252964015,0.024845545507203734
Neftel AC,0.022071846078339136,0.1816971719713198,-0.09991251484035615,-0.17210474397187153,-0.21930099353790722,0.05271253424484303,-0.09575830240580235,-0.10143737976282091,-0.06168227765552831,0.09126884052361388,0.18754541355682222,0.03343567900184081,0.1200768778429453,-0.1058666528300686,-0.18017790645917636,0.07030821063405496,0.29129547020300844,0.14214652696218094,-0.020278327798773844,-0.020659309310065967,0.3533823174843311,0.42236458646573527,NA,0.5241788264605185,0.4899445195770321,0.1218236082893253
Neopl-ACR (ours),-0.016279813108865577,0.06163000519501995,-0.14941175354533484,-0.058169111177338965,-0.1468029910859648,-0.3294119990686546,-0.15358609312920135,-0.02473386114710274,0.13353546607119782,-0.22272482831189103,-0.11418795716736446,-0.1798297614333935,0.020126107753354675,-0.08747596726949562,-0.16182963499397127,0.396931639207513,0.5509370141116819,0.368199215872045,0.034830762336309065,0.13780230568301352,0.8775701013357641,NA,0.6366084731672398,0.47656389046939623,0.3212833608352191,0.0953314561678388
"Neopl-ACR (ours, refined)",-0.06348819027404431,0.010954234799271685,-0.22834579622935502,-0.2266101566011655,-0.20723137280472156,-0.19538032310149578,-0.16546802393484594,0.0010464173769909543,0.1324700959411414,-0.09910301624678292,-0.024790686439766205,-0.09000536366271572,0.11703305884855876,-0.027757676996570033,-0.0444451223096879,0.36265774473547974,0.4864334637653735,0.3014968512115331,0.061056826928341495,0.1460761099055734,NA,0.8991096921067053,0.5353915651576232,0.3588706416765424,0.31609435181599943,0.09958353227484004
Neftel MES2,-0.07582507221134091,-0.07170989135533401,-0.06030475367346013,-0.08080616259120807,-0.018681565297108436,-0.16539116994261563,-0.10514185928276125,0.2378594525451665,0.20562634474321678,-0.15970436711867536,-0.22083932736449396,-0.093593532373998,-0.02722092016476433,0.03467919415756037,0.11766145219194968,0.26299693255021106,0.27377317703112747,0.40149418177336005,0.4503523227130663,NA,0.15652730281625465,0.17020720414804166,0.10592009936064939,0.0403566981625546,0.049048835619758174,-0.021368324141244517
Nomura Hypoxia,-0.04950427519258859,-0.03618518160597874,-0.05402074879825511,-0.08429908414912454,-0.04067366955032612,-0.042970906763852144,-0.052078341775653056,0.19460199013502996,0.11168953817806448,-0.03889310168693094,-0.07482482721028598,-0.041120166059035616,0.012926164436270988,-0.0154045695066294,0.029279369640921857,0.1360094919866017,0.09234908698277017,0.2779904194844295,NA,0.3713322468924705,0.1114618084627188,0.11333653238282386,0.09531110897061464,0.049010098032761094,0.06608605845390603,0.03218945312667584
HALLMARK_HYPOXIA,-0.07610010248596442,-0.010248687839205942,-0.08635985151745969,-0.045852268318198594,-0.06514262466088064,-0.2620890059713938,-0.12657780282947642,0.08115819232623979,0.15672873815496294,-0.19673560532356082,-0.1592126667739174,-0.14427686138702395,-0.01983488716110076,-0.07467642462273762,-0.09228324799467635,0.3777869909764248,0.3701210646528479,NA,0.2123772801551693,0.35598738529981827,0.35232280889579876,0.4232816016267062,0.3936018158592761,0.25475862831357615,0.13815475747140507,0.0012285582915698117
Neftel MES1,-0.11971192377490425,-0.04706779256634984,-0.2845302534029824,-0.22369711759725874,-0.24272621398707517,-0.4283578349805998,-0.2444624877918407,0.027984424049144033,0.24588259225254996,-0.2511217891384384,-0.16210393721618777,-0.1960511786323854,0.05265031775876922,0.012743616345611513,-0.0430155381910929,0.5895333004567954,NA,0.41823942286850163,0.14592941764772732,0.3030488100326046,0.5525310187104705,0.6134144660943366,0.5547337693092382,0.28038515808651876,0.3279011262085389,0.09674817717303644
Richards Injury-Response,-0.1813382520330042,-0.10927992308497039,-0.26172653320388517,-0.22331662527698348,-0.21165370295419708,-0.5032051512816791,-0.24436005238798109,0.12177872676825871,0.23361641868605412,-0.2921771812272621,-0.2106950891325473,-0.237941855145769,0.039755248711871194,-0.01440136488551862,-0.051795549132143556,NA,0.6018579841146635,0.32066112277127573,0.1431308447827588,0.2527245895985115,0.37027553410979963,0.39660048667126546,0.2863838585550036,0.07631986792635291,0.1816691800751703,0.06479770319057046
Neopl-CC/Bulk (ours),-0.10559446974140999,-0.16820274454074308,-0.20001877477797023,-0.3515434689761635,-0.0976581435454133,0.12855450424266557,-0.08320937850128228,0.05987007579961495,0.08444957901128707,0.1926523177382959,0.0724606018312704,0.21014256808028778,0.17913954588323663,0.6112137756632253,NA,-0.19979825443593108,-0.14263846217397666,-0.1344691281758552,-0.04905586566753241,0.03245898332326224,-0.08754854552063503,-0.12307712194025092,-0.05512281661621697,-0.07507753869915723,0.07338222625714905,-0.05946425229150119
Nomura Cell cycle,-0.08450228480496748,-0.12857658783328024,-0.1769541409855181,-0.2544464203952753,-0.09178393714741766,-0.006343367895609117,-0.09376673711543672,0.02227808239987181,0.007370039945430856,0.07873356536768039,0.013662266499882328,0.10637860864177605,0.09936798254764201,NA,0.4525155752235932,-0.04940527645996644,9.916526132402563e-4,-0.05706184311577783,-0.009961060149414077,0.01350876717623489,0.008103948206225524,-0.007719438485552376,0.019210258969581517,-0.0382813879722341,0.11258994515713264,0.024845025042109312
Neopl-ECM (ours),-0.07954563455725906,-0.021441832729690177,-0.2565670886486916,-0.4207924666330981,-0.23338971931871888,0.19287221716331135,-0.08129636315070377,0.01926610522175822,-0.04685767241387123,0.31073452965205256,0.30990383925110676,0.19838338125954677,NA,0.0909329015780296,0.17929383187447728,-0.006837867490643986,0.03180595727226169,-0.011400385717432614,0.0300979325111914,0.01641780865686664,0.06087440186286536,0.045735567144613194,0.13284398023833105,0.02689759062554156,0.247789408905615,0.172525949436188
Neftel NPC1,-0.03886709464678465,0.023752475975295298,-0.04407970400826217,-0.21087312952105064,0.08217071309215493,0.4054805621397049,0.16841107895356044,-0.009604237238113475,-0.0926705426516296,0.4350668185547227,0.3145934537377196,NA,0.19966516525060557,0.11386138162956991,0.2739963378173029,-0.21056275353183512,-0.12067474595147278,-0.08245092238694904,-0.021499409113735945,-0.03449712895883013,-0.05326256496208191,-0.07548673530453107,0.03453623389076863,0.012359800768834405,0.21697063621990328,0.04257227800083725
Neopl-OPC (ours),0.004874165528072017,0.11499419843156794,-0.15087185378251466,-0.28876358163265414,-0.2180018540743344,0.39922921988697907,0.06096433374101691,-0.11354768484392849,-0.2097564368268052,0.5867625594475542,NA,0.3229394612990908,0.21878385675892753,0.11782101892174185,0.3134098462001041,-0.17729850460216587,-0.12241175954554988,-0.09973264818207994,-0.03916826692400944,-0.035593909670218055,-0.05478146893801461,-0.082511932303003,0.027534852148110685,0.012068350809690893,0.19575818897011193,0.075625645103486
Nomura OPC-like,-0.018462879281251867,0.13011145579877387,-0.10155446253841505,-0.31312347423150555,-0.16689050514598955,0.49904306337445536,0.1276201183211627,-0.0713530901926246,-0.17065964826166666,NA,0.46279135801815713,0.36993313997404376,0.2066281342710938,0.11894945211179762,0.32107407456602505,-0.24579165435595418,-0.19928347442156275,-0.14408781510886862,-0.04182577452742807,-0.05026550989124366,-0.12475054052150353,-0.16179958260673802,-0.07631392904302634,-0.05864668547181554,0.17540945399744437,0.0054838932821279366
Nomura MES-like,-0.07493488998522609,-0.037651694622061506,0.003708982739230343,-0.01901068377098655,0.0568753258877676,-0.15878118178946674,-0.07219033870154876,0.08871373322539836,NA,0.053035741296953036,0.036518830513269,0.06456343901224791,0.021457020455806646,-0.0014033288675372945,0.1151761246767777,-0.060513211567919854,-0.04755253494620255,-0.05706096826920369,0.0462366359669453,0.034788041138703756,-0.08587542514345833,-0.10723256188578378,-0.09969965770124947,-0.008383568188666889,-0.08001022269450317,-0.042961581930395586
Nomura Stress,-0.06028800388687341,-0.07255060137529817,0.06856848789060471,-0.043188828110979786,0.03198535155598161,-0.011233193669046041,-0.030646379405122496,NA,0.0649095372953613,0.06955573828463861,0.058168670428171476,0.11211365255725131,0.06191204249736748,0.0050368843165295865,0.06611795449204678,-0.056241550615720996,-0.09945794281661406,-0.04290647408596144,0.14841543241942695,0.14189529087813252,-0.06696268484908025,-0.09601524133417637,-0.06707905044888376,-0.048688455156008864,2.2179744807851193e-4,-0.02190751656008188
Nomura NPC-like,0.06969349758198495,0.08618077241514598,0.2394834842816541,0.2478880002145824,0.27025673636237457,0.1881033455454369,NA,0.025887403723960267,0.061341133192101036,0.18856703404579594,0.0942700698821909,0.1685612115874965,-0.02489312419678194,-0.03282603494712337,0.0402682008325415,-0.31868203683505286,-0.346873633804484,-0.19584558994424905,-0.057742312802781345,-0.11596465731092785,-0.25342143227700153,-0.2801779395105227,-0.3018955703113739,-0.0620110040840508,-0.19489503965200303,-0.06839421860152414
Richards Developmental,-0.08725552068989241,0.0721825326607998,0.1585085481315111,-0.1606934879892077,0.08453300834366465,NA,0.30875010836381933,0.15096305239008373,0.10897960703229762,0.34121866433306564,0.2613422272843034,0.3335154339150853,0.050428297098214184,-0.02993673338743296,0.13490356709217396,-0.5589172672383264,-0.4245665098264314,-0.23061413813130707,-0.06036303434299231,-0.1548306780470463,-0.23865571696805413,-0.2836453987934336,-0.20753920095228057,-0.034660228497413244,-0.052436742382582426,-0.07299794594629168
Neftel NPC2,0.0669496349462781,0.04112051015732984,0.47777506111212237,0.5159620086333602,NA,0.5037431330289562,0.3522524987019162,0.12916861658383635,0.20331598175539603,0.15369193154987165,0.11659461585626058,0.25657274425540094,-0.04632786460227029,-0.03528001602132125,0.11214901388697694,-0.4601017088510255,-0.4997691276848567,-0.2343998211530278,-0.0896532397649757,-0.11185966208707353,-0.3675883388306992,-0.40782781508711197,-0.38886237732056655,-0.16273202564233338,-0.3112277275497219,-0.13432191141958919
Neopl-NC (ours),0.21221087489244997,0.14493814057239038,0.5862382499017742,NA,0.5555593847955466,0.3541933408376685,0.3598590172689843,-0.008123625163522876,0.08629681691994029,0.023536439788613635,-0.06093000256095003,-0.07752928735858235,-0.18231043717132842,-0.10582254920713413,-0.03866085164906316,-0.44483504484201886,-0.5314450828849532,-0.242983999753843,-0.0935892568718167,-0.13514191765982309,-0.4120494374454421,-0.42891561176298426,-0.5430723782370407,-0.21728445674732022,-0.5545939812128438,-0.2318510196765295
Nomura NEU-like,0.08107275732167535,0.12776365752466803,NA,0.7123885360730364,0.6423817035973212,0.535106390510079,0.3584978753476098,0.13791723313670337,0.1636466940337194,0.13703814243111262,0.06801085516015526,0.08392057201727202,-0.1033832593856444,-0.09474489754862225,0.04240315823952313,-0.47381893330323355,-0.5291868106638317,-0.2448234723313514,-0.09970881883825791,-0.13785991112700555,-0.3951590756361339,-0.4190406692131221,-0.4236073005005297,-0.14586225826082366,-0.4460448976715506,-0.2282786230196685
Nomura GPC-like,0.07652106497613038,NA,0.0721469654679448,0.10464829883755876,0.017865783217467995,0.04948593038648156,0.04986626093481089,-0.05937633791145491,-0.0018551477659382314,0.08861680811926234,0.06083391525467704,0.0022164198693614004,0.00093504274215203435,-0.0364635635003076,-0.03586067478031504,-0.09736032800186256,-0.029386542522921968,0.03320500166691756,0.006661748935535305,-0.04745308273001364,0.04215375262275438,0.06650430557406578,0.11568565033058498,0.15605835895033537,-0.02768543318710483,-0.0386179208979715
Nomura Cilia-like,NA,0.11257195172706394,0.127366220375446,0.19428072104904603,0.09516999885000633,-0.0015526218157491682,0.1096383834654675,-0.02964460527879855,-0.021603932677611737,-0.06987120813266964,-0.06632064146896198,-0.04473422521867685,-0.07468975856295798,-0.0911225808656517,-0.10970001537531184,-0.23061581616411234,-0.19530779202617368,-0.04750401205662693,-0.037492921106073974,-0.1178788309186277,-0.0824881937158715,-0.05464045912132071,-0.021674720031032255,0.09546117652958752,-0.10701050225892704,-0.0014915860768854488
