sample_id,condition,Level_3,n,pct
BRAIN_01,Healthy,Astrocyte,1407,25.301204819277107
BRAIN_01,Healthy,OPC/COP/OLG,852,15.320985434274412
BRAIN_01,Healthy,Neural,268,4.819277108433735
BRAIN_01,Healthy,Ependymal,62,1.114907390757058
BRAIN_01,Healthy,Microglia,1606,28.879697896061856
BRAIN_01,Healthy,Macrophage,111,1.9960438770005393
BRAIN_01,Healthy,Dendritic,8,0.14385901816220104
BRAIN_01,Healthy,Neutrophil,4,0.07192950908110052
BRAIN_01,Healthy,NKTB,21,0.3776299226757777
BRAIN_01,Healthy,Choroid,482,8.667505844272613
BRAIN_01,Healthy,Endothelial,520,9.350836180543068
BRAIN_01,Healthy,Mural,172,3.0929688904873225
BRAIN_01,Healthy,Fibroblast,48,0.8631541089732063
BRAIN_04a,Healthy,Astrocyte,838,22.87117903930131
BRAIN_04a,Healthy,OPC/COP/OLG,661,18.040393013100438
BRAIN_04a,Healthy,Neural,201,5.485807860262009
BRAIN_04a,Healthy,Ependymal,39,1.064410480349345
BRAIN_04a,Healthy,Microglia,1249,34.088427947598255
BRAIN_04a,Healthy,Macrophage,82,2.2379912663755457
BRAIN_04a,Healthy,Dendritic,4,0.10917030567685589
BRAIN_04a,Healthy,Neutrophil,4,0.10917030567685589
BRAIN_04a,Healthy,NKTB,20,0.5458515283842794
BRAIN_04a,Healthy,Choroid,146,3.9847161572052405
BRAIN_04a,Healthy,Endothelial,289,7.887554585152838
BRAIN_04a,Healthy,Mural,96,2.6200873362445414
BRAIN_04a,Healthy,Fibroblast,35,0.955240174672489
BRAIN_04b,Healthy,Astrocyte,812,24.413710162357187
BRAIN_04b,Healthy,OPC/COP/OLG,611,18.37041491280818
BRAIN_04b,Healthy,Neural,164,4.930847865303669
BRAIN_04b,Healthy,Ependymal,34,1.0222489476849068
BRAIN_04b,Healthy,Microglia,1079,32.44137101623572
BRAIN_04b,Healthy,Macrophage,66,1.984365604329525
BRAIN_04b,Healthy,Dendritic,4,0.12026458208057728
BRAIN_04b,Healthy,Neutrophil,3,0.09019843656043296
BRAIN_04b,Healthy,NKTB,19,0.571256764882742
BRAIN_04b,Healthy,Choroid,147,4.419723391461215
BRAIN_04b,Healthy,Endothelial,259,7.787131689717378
BRAIN_04b,Healthy,Mural,95,2.85628382441371
BRAIN_04b,Healthy,Fibroblast,33,0.9921828021647625
BRAIN_05,Healthy,Astrocyte,603,18.896897524287056
BRAIN_05,Healthy,OPC/COP/OLG,538,16.859918520839862
BRAIN_05,Healthy,Neural,258,8.085239736759636
BRAIN_05,Healthy,Ependymal,34,1.065496709495456
BRAIN_05,Healthy,Microglia,1250,39.17267314321529
BRAIN_05,Healthy,Macrophage,52,1.6295832027577561
BRAIN_05,Healthy,Dendritic,2,0.06267627702914447
BRAIN_05,Healthy,Neutrophil,6,0.1880288310874334
BRAIN_05,Healthy,NKTB,32,1.0028204324663115
BRAIN_05,Healthy,Choroid,70,2.1936696960200566
BRAIN_05,Healthy,Endothelial,226,7.082419304293325
BRAIN_05,Healthy,Mural,82,2.569727358194923
BRAIN_05,Healthy,Fibroblast,38,1.1908492635537449
BRAIN_06,Healthy,Astrocyte,650,17.788724685276406
BRAIN_06,Healthy,OPC/COP/OLG,585,16.00985221674877
BRAIN_06,Healthy,Neural,264,7.224958949096879
BRAIN_06,Healthy,Ependymal,43,1.176792556102901
BRAIN_06,Healthy,Microglia,1378,37.71209633278599
BRAIN_06,Healthy,Macrophage,63,1.7241379310344827
BRAIN_06,Healthy,Dendritic,4,0.10946907498631638
BRAIN_06,Healthy,Neutrophil,1,0.027367268746579094
BRAIN_06,Healthy,NKTB,25,0.6841817186644773
BRAIN_06,Healthy,Choroid,114,3.1198686371100166
BRAIN_06,Healthy,Endothelial,356,9.742747673782157
BRAIN_06,Healthy,Mural,138,3.776683087027915
BRAIN_06,Healthy,Fibroblast,33,0.9031198686371099
TP_01b,Primary,Astrocyte,60,1.6371077762619373
TP_01b,Primary,OPC/COP/OLG,174,4.7476125511596186
TP_01b,Primary,Neural,73,1.99181446111869
TP_01b,Primary,Ependymal,1,0.027285129604365622
TP_01b,Primary,Microglia,265,7.230559345156889
TP_01b,Primary,Macrophage,132,3.601637107776262
TP_01b,Primary,Dendritic,16,0.43656207366984995
TP_01b,Primary,Neutrophil,16,0.43656207366984995
TP_01b,Primary,NKTB,5,0.1364256480218281
TP_01b,Primary,Endothelial,56,1.5279672578444747
TP_01b,Primary,Mural,17,0.4638472032742156
TP_01b,Primary,Fibroblast,22,0.6002728512960437
TP_01b,Primary,Neoplastic,2828,77.16234652114598
TP_04,Primary,Astrocyte,162,3.669309173272933
TP_04,Primary,OPC/COP/OLG,162,3.669309173272933
TP_04,Primary,Neural,69,1.5628539071347678
TP_04,Primary,Ependymal,8,0.1812004530011325
TP_04,Primary,Microglia,480,10.87202718006795
TP_04,Primary,Macrophage,193,4.371460928652322
TP_04,Primary,Dendritic,45,1.0192525481313703
TP_04,Primary,Neutrophil,3,0.06795016987542468
TP_04,Primary,NKTB,119,2.695356738391846
TP_04,Primary,Choroid,15,0.33975084937712347
TP_04,Primary,Endothelial,73,1.6534541336353341
TP_04,Primary,Mural,15,0.33975084937712347
TP_04,Primary,Fibroblast,39,0.883352208380521
TP_04,Primary,Neoplastic,3032,68.67497168742922
TP_05,Primary,Astrocyte,82,1.5034836817015034
TP_05,Primary,OPC/COP/OLG,62,1.1367803447011369
TP_05,Primary,Neural,30,0.5500550055005501
TP_05,Primary,Ependymal,1,0.018335166850018333
TP_05,Primary,Microglia,643,11.78951228456179
TP_05,Primary,Macrophage,174,3.1903190319031904
TP_05,Primary,Dendritic,63,1.155115511551155
TP_05,Primary,Neutrophil,8,0.14668133480014667
TP_05,Primary,NKTB,146,2.676934360102677
TP_05,Primary,Endothelial,21,0.385038503850385
TP_05,Primary,Mural,3,0.055005500550055
TP_05,Primary,Fibroblast,6,0.11001100110011
TP_05,Primary,Neoplastic,4215,77.28272827282728
TP_06,Primary,Astrocyte,29,0.699132111861138
TP_06,Primary,OPC/COP/OLG,106,2.5554484088717455
TP_06,Primary,Neural,1,0.024108003857280617
TP_06,Primary,Ependymal,2,0.048216007714561235
TP_06,Primary,Microglia,225,5.424300867888139
TP_06,Primary,Macrophage,85,2.0491803278688523
TP_06,Primary,Dendritic,16,0.3857280617164899
TP_06,Primary,Neutrophil,4,0.09643201542912247
TP_06,Primary,NKTB,18,0.43394406943105107
TP_06,Primary,Endothelial,14,0.33751205400192863
TP_06,Primary,Fibroblast,24,0.5785920925747349
TP_06,Primary,Neoplastic,3624,87.36740597878494
TP_08,Primary,Astrocyte,87,1.8665522420081528
TP_08,Primary,OPC/COP/OLG,814,17.464063505685477
TP_08,Primary,Neural,29,0.6221840806693842
TP_08,Primary,Ependymal,1,0.021454623471358077
TP_08,Primary,Microglia,426,9.139669598798541
TP_08,Primary,Macrophage,81,1.7378245011800044
TP_08,Primary,Dendritic,25,0.536365586783952
TP_08,Primary,Neutrophil,7,0.15018236429950654
TP_08,Primary,NKTB,47,1.0083673031538296
TP_08,Primary,Endothelial,32,0.6865479510834585
TP_08,Primary,Mural,3,0.06436387041407424
TP_08,Primary,Fibroblast,9,0.1930916112422227
TP_08,Primary,Neoplastic,3100,66.50933276121003
TR_01,Recurrent,Astrocyte,34,0.9181744531460978
TR_01,Recurrent,OPC/COP/OLG,24,0.6481231433972455
TR_01,Recurrent,Neural,35,0.945179584120983
TR_01,Recurrent,Microglia,213,5.752092897650553
TR_01,Recurrent,Macrophage,611,16.500135025654874
TR_01,Recurrent,Dendritic,198,5.347015933027275
TR_01,Recurrent,Neutrophil,15,0.4050769646232784
TR_01,Recurrent,NKTB,195,5.2660005401026195
TR_01,Recurrent,Endothelial,12,0.32406157169862276
TR_01,Recurrent,Mural,2,0.054010261949770454
TR_01,Recurrent,Fibroblast,55,1.4852822036186877
TR_01,Recurrent,Neoplastic,2309,62.35484742100999
TR_02,Recurrent,Astrocyte,18,0.4827031375703942
TR_02,Recurrent,OPC/COP/OLG,18,0.4827031375703942
TR_02,Recurrent,Neural,6,0.16090104585679807
TR_02,Recurrent,Microglia,28,0.7508715473317243
TR_02,Recurrent,Macrophage,332,8.90319120407616
TR_02,Recurrent,Dendritic,26,0.6972378653794583
TR_02,Recurrent,Neutrophil,17,0.45588629659426116
TR_02,Recurrent,NKTB,19,0.5095199785465273
TR_02,Recurrent,Endothelial,8,0.2145347278090641
TR_02,Recurrent,Mural,3,0.08045052292839903
TR_02,Recurrent,Fibroblast,6,0.16090104585679807
TR_02,Recurrent,Neoplastic,3248,87.10109949048001
TR_03,Recurrent,Astrocyte,21,0.5691056910569106
TR_03,Recurrent,OPC/COP/OLG,25,0.6775067750677507
TR_03,Recurrent,Neural,9,0.24390243902439024
TR_03,Recurrent,Microglia,101,2.7371273712737128
TR_03,Recurrent,Macrophage,365,9.89159891598916
TR_03,Recurrent,Dendritic,89,2.4119241192411924
TR_03,Recurrent,Neutrophil,4,0.10840108401084012
TR_03,Recurrent,NKTB,97,2.6287262872628725
TR_03,Recurrent,Endothelial,15,0.40650406504065045
TR_03,Recurrent,Mural,3,0.08130081300813008
TR_03,Recurrent,Fibroblast,10,0.27100271002710025
TR_03,Recurrent,Neoplastic,2951,79.97289972899729
TR_04,Recurrent,Astrocyte,46,1.2339055793991416
TR_04,Recurrent,OPC/COP/OLG,13,0.3487124463519313
TR_04,Recurrent,Neural,4,0.1072961373390558
TR_04,Recurrent,Microglia,73,1.9581545064377683
TR_04,Recurrent,Macrophage,551,14.780042918454935
TR_04,Recurrent,Dendritic,51,1.3680257510729614
TR_04,Recurrent,Neutrophil,9,0.24141630901287556
TR_04,Recurrent,NKTB,31,0.8315450643776824
TR_04,Recurrent,Endothelial,11,0.29506437768240346
TR_04,Recurrent,Mural,2,0.0536480686695279
TR_04,Recurrent,Fibroblast,6,0.1609442060085837
TR_04,Recurrent,Neoplastic,2931,78.62124463519314
TR_06,Recurrent,Astrocyte,199,5.37402106400216
TR_06,Recurrent,OPC/COP/OLG,243,6.56224682689711
TR_06,Recurrent,Neural,17,0.4590872265730489
TR_06,Recurrent,Ependymal,4,0.10802052389954091
TR_06,Recurrent,Microglia,494,13.340534701593304
TR_06,Recurrent,Macrophage,233,6.292195517148258
TR_06,Recurrent,Dendritic,28,0.7561436672967864
TR_06,Recurrent,Neutrophil,7,0.1890359168241966
TR_06,Recurrent,NKTB,109,2.94355927626249
TR_06,Recurrent,Choroid,3,0.08101539292465569
TR_06,Recurrent,Endothelial,38,1.0261949770456387
TR_06,Recurrent,Mural,6,0.16203078584931138
TR_06,Recurrent,Fibroblast,8,0.21604104779908181
TR_06,Recurrent,Neoplastic,2314,62.48987307588442
TR_07,Recurrent,Astrocyte,62,1.64021164021164
TR_07,Recurrent,OPC/COP/OLG,21,0.5555555555555556
TR_07,Recurrent,Neural,14,0.3703703703703704
TR_07,Recurrent,Microglia,77,2.037037037037037
TR_07,Recurrent,Macrophage,326,8.624338624338625
TR_07,Recurrent,Dendritic,38,1.0052910052910053
TR_07,Recurrent,Neutrophil,14,0.3703703703703704
TR_07,Recurrent,NKTB,27,0.7142857142857143
TR_07,Recurrent,Endothelial,17,0.4497354497354497
TR_07,Recurrent,Mural,3,0.07936507936507936
TR_07,Recurrent,Fibroblast,6,0.15873015873015872
TR_07,Recurrent,Neoplastic,3175,83.994708994709
BRAIN_01,Healthy,Neoplastic,0,0
BRAIN_04a,Healthy,Neoplastic,0,0
BRAIN_04b,Healthy,Neoplastic,0,0
BRAIN_05,Healthy,Neoplastic,0,0
BRAIN_06,Healthy,Neoplastic,0,0
TP_01b,Primary,Choroid,0,0
TP_05,Primary,Choroid,0,0
TP_06,Primary,Choroid,0,0
TP_06,Primary,Mural,0,0
TP_08,Primary,Choroid,0,0
TR_01,Recurrent,Choroid,0,0
TR_01,Recurrent,Ependymal,0,0
TR_02,Recurrent,Choroid,0,0
TR_02,Recurrent,Ependymal,0,0
TR_03,Recurrent,Choroid,0,0
TR_03,Recurrent,Ependymal,0,0
TR_04,Recurrent,Choroid,0,0
TR_04,Recurrent,Ependymal,0,0
TR_07,Recurrent,Choroid,0,0
TR_07,Recurrent,Ependymal,0,0
